NAME,USH18P_7_APressley,USH18P_7_MCapuano,BOSMAY17G_TJackson,BOSMAY17G_MWalsh,SS08P_Suff2_SChangDiaz,SS08P_Suff2_DWilkerson,SS13P_Suff1_LForry,SS13P_Suff1_NCollins,SH18P_Suff11_EMalia,SH18P_Suff11_CClemons,SH18P_Suff12_DCullinane,SH18P_Suff12_JLacet,SH18P_Suff14_AScaccia,SH18P_Suff14_SIdowu,SH16P_Suff11_EMalia,SH16P_Suff11_CClemons,SH16P_Suff12_DCullinane,SH16P_Suff12_JLacet
Abington Town Precinct 1,,,,,,,,,,,,,,,,,,
Abington Town Precinct 2,,,,,,,,,,,,,,,,,,
Abington Town Precinct 3,,,,,,,,,,,,,,,,,,
Abington Town Precinct 4,,,,,,,,,,,,,,,,,,
Abington Town Precinct 5,,,,,,,,,,,,,,,,,,
Acton Town Precinct 1,,,,,,,,,,,,,,,,,,
Acton Town Precinct 2,,,,,,,,,,,,,,,,,,
Acton Town Precinct 3,,,,,,,,,,,,,,,,,,
Acton Town Precinct 4,,,,,,,,,,,,,,,,,,
Acton Town Precinct 5,,,,,,,,,,,,,,,,,,
Acton Town Precinct 6,,,,,,,,,,,,,,,,,,
Acushnet Town Precinct 1,,,,,,,,,,,,,,,,,,
Acushnet Town Precinct 2,,,,,,,,,,,,,,,,,,
Acushnet Town Precinct 3,,,,,,,,,,,,,,,,,,
Adams Town Precinct 1,,,,,,,,,,,,,,,,,,
Adams Town Precinct 2,,,,,,,,,,,,,,,,,,
Adams Town Precinct 3,,,,,,,,,,,,,,,,,,
Adams Town Precinct 4,,,,,,,,,,,,,,,,,,
Adams Town Precinct 5,,,,,,,,,,,,,,,,,,
Agawam Town Precinct 1,,,,,,,,,,,,,,,,,,
Agawam Town Precinct 2,,,,,,,,,,,,,,,,,,
Agawam Town Precinct 3,,,,,,,,,,,,,,,,,,
Agawam Town Precinct 4,,,,,,,,,,,,,,,,,,
Agawam Town Precinct 5,,,,,,,,,,,,,,,,,,
Agawam Town Precinct 6,,,,,,,,,,,,,,,,,,
Agawam Town Precinct 7,,,,,,,,,,,,,,,,,,
Agawam Town Precinct 8,,,,,,,,,,,,,,,,,,
Alford Town Precinct 1,,,,,,,,,,,,,,,,,,
Amesbury Town Precinct 1,,,,,,,,,,,,,,,,,,
Amesbury Town Precinct 2,,,,,,,,,,,,,,,,,,
Amesbury Town Precinct 3,,,,,,,,,,,,,,,,,,
Amesbury Town Precinct 4,,,,,,,,,,,,,,,,,,
Amesbury Town Precinct 5,,,,,,,,,,,,,,,,,,
Amesbury Town Precinct 6,,,,,,,,,,,,,,,,,,
Amherst Town Precinct 1,,,,,,,,,,,,,,,,,,
Amherst Town Precinct 10,,,,,,,,,,,,,,,,,,
Amherst Town Precinct 2,,,,,,,,,,,,,,,,,,
Amherst Town Precinct 3,,,,,,,,,,,,,,,,,,
Amherst Town Precinct 4,,,,,,,,,,,,,,,,,,
Amherst Town Precinct 5,,,,,,,,,,,,,,,,,,
Amherst Town Precinct 6,,,,,,,,,,,,,,,,,,
Amherst Town Precinct 7,,,,,,,,,,,,,,,,,,
Amherst Town Precinct 8,,,,,,,,,,,,,,,,,,
Amherst Town Precinct 9,,,,,,,,,,,,,,,,,,
Andover Town Precinct 1,,,,,,,,,,,,,,,,,,
Andover Town Precinct 2,,,,,,,,,,,,,,,,,,
Andover Town Precinct 3,,,,,,,,,,,,,,,,,,
Andover Town Precinct 4,,,,,,,,,,,,,,,,,,
Andover Town Precinct 5,,,,,,,,,,,,,,,,,,
Andover Town Precinct 6,,,,,,,,,,,,,,,,,,
Andover Town Precinct 7,,,,,,,,,,,,,,,,,,
Andover Town Precinct 8,,,,,,,,,,,,,,,,,,
Andover Town Precinct 9,,,,,,,,,,,,,,,,,,
Aquinnah Town Precinct 1,,,,,,,,,,,,,,,,,,
Arlington Town Precinct 1,,,,,,,,,,,,,,,,,,
Arlington Town Precinct 10,,,,,,,,,,,,,,,,,,
Arlington Town Precinct 11,,,,,,,,,,,,,,,,,,
Arlington Town Precinct 12,,,,,,,,,,,,,,,,,,
Arlington Town Precinct 13,,,,,,,,,,,,,,,,,,
Arlington Town Precinct 14,,,,,,,,,,,,,,,,,,
Arlington Town Precinct 15,,,,,,,,,,,,,,,,,,
Arlington Town Precinct 16,,,,,,,,,,,,,,,,,,
Arlington Town Precinct 17,,,,,,,,,,,,,,,,,,
Arlington Town Precinct 18,,,,,,,,,,,,,,,,,,
Arlington Town Precinct 19,,,,,,,,,,,,,,,,,,
Arlington Town Precinct 2,,,,,,,,,,,,,,,,,,
Arlington Town Precinct 20,,,,,,,,,,,,,,,,,,
Arlington Town Precinct 21,,,,,,,,,,,,,,,,,,
Arlington Town Precinct 3,,,,,,,,,,,,,,,,,,
Arlington Town Precinct 4,,,,,,,,,,,,,,,,,,
Arlington Town Precinct 5,,,,,,,,,,,,,,,,,,
Arlington Town Precinct 6,,,,,,,,,,,,,,,,,,
Arlington Town Precinct 7,,,,,,,,,,,,,,,,,,
Arlington Town Precinct 8,,,,,,,,,,,,,,,,,,
Arlington Town Precinct 9,,,,,,,,,,,,,,,,,,
Ashburnham Town Precinct 1,,,,,,,,,,,,,,,,,,
Ashby Town Precinct 1,,,,,,,,,,,,,,,,,,
Ashfield Town Precinct 1,,,,,,,,,,,,,,,,,,
Ashland Town Precinct 1,,,,,,,,,,,,,,,,,,
Ashland Town Precinct 2,,,,,,,,,,,,,,,,,,
Ashland Town Precinct 3,,,,,,,,,,,,,,,,,,
Ashland Town Precinct 4,,,,,,,,,,,,,,,,,,
Ashland Town Precinct 5,,,,,,,,,,,,,,,,,,
Athol Town Precinct 1,,,,,,,,,,,,,,,,,,
Athol Town Precinct 2,,,,,,,,,,,,,,,,,,
Athol Town Precinct 3,,,,,,,,,,,,,,,,,,
Attleboro City Ward 1 Precinct A,,,,,,,,,,,,,,,,,,
Attleboro City Ward 1 Precinct B,,,,,,,,,,,,,,,,,,
Attleboro City Ward 2 Precinct A,,,,,,,,,,,,,,,,,,
Attleboro City Ward 2 Precinct B,,,,,,,,,,,,,,,,,,
Attleboro City Ward 3 Precinct A,,,,,,,,,,,,,,,,,,
Attleboro City Ward 3 Precinct B,,,,,,,,,,,,,,,,,,
Attleboro City Ward 4 Precinct A,,,,,,,,,,,,,,,,,,
Attleboro City Ward 4 Precinct B,,,,,,,,,,,,,,,,,,
Attleboro City Ward 5 Precinct A,,,,,,,,,,,,,,,,,,
Attleboro City Ward 5 Precinct B,,,,,,,,,,,,,,,,,,
Attleboro City Ward 6 Precinct A,,,,,,,,,,,,,,,,,,
Attleboro City Ward 6 Precinct B,,,,,,,,,,,,,,,,,,
Auburn Town Precinct 1,,,,,,,,,,,,,,,,,,
Auburn Town Precinct 2,,,,,,,,,,,,,,,,,,
Auburn Town Precinct 3,,,,,,,,,,,,,,,,,,
Auburn Town Precinct 4,,,,,,,,,,,,,,,,,,
Auburn Town Precinct 5,,,,,,,,,,,,,,,,,,
Avon Town Precinct 1,,,,,,,,,,,,,,,,,,
Ayer Town Precinct 1,,,,,,,,,,,,,,,,,,
Ayer Town Precinct 2,,,,,,,,,,,,,,,,,,
Barnstable Town Precinct 1,,,,,,,,,,,,,,,,,,
Barnstable Town Precinct 10,,,,,,,,,,,,,,,,,,
Barnstable Town Precinct 11,,,,,,,,,,,,,,,,,,
Barnstable Town Precinct 12,,,,,,,,,,,,,,,,,,
Barnstable Town Precinct 13,,,,,,,,,,,,,,,,,,
Barnstable Town Precinct 2,,,,,,,,,,,,,,,,,,
Barnstable Town Precinct 3,,,,,,,,,,,,,,,,,,
Barnstable Town Precinct 4,,,,,,,,,,,,,,,,,,
Barnstable Town Precinct 5,,,,,,,,,,,,,,,,,,
Barnstable Town Precinct 6,,,,,,,,,,,,,,,,,,
Barnstable Town Precinct 7,,,,,,,,,,,,,,,,,,
Barnstable Town Precinct 8,,,,,,,,,,,,,,,,,,
Barnstable Town Precinct 9,,,,,,,,,,,,,,,,,,
Barre Town Precinct 1,,,,,,,,,,,,,,,,,,
Barre Town Precinct 2,,,,,,,,,,,,,,,,,,
Becket Town Precinct 1,,,,,,,,,,,,,,,,,,
Bedford Town Precinct 1,,,,,,,,,,,,,,,,,,
Bedford Town Precinct 2,,,,,,,,,,,,,,,,,,
Bedford Town Precinct 3,,,,,,,,,,,,,,,,,,
Bedford Town Precinct 4,,,,,,,,,,,,,,,,,,
Belchertown Town Precinct A,,,,,,,,,,,,,,,,,,
Belchertown Town Precinct B,,,,,,,,,,,,,,,,,,
Belchertown Town Precinct C,,,,,,,,,,,,,,,,,,
Belchertown Town Precinct D,,,,,,,,,,,,,,,,,,
Bellingham Town Precinct 1,,,,,,,,,,,,,,,,,,
Bellingham Town Precinct 2,,,,,,,,,,,,,,,,,,
Bellingham Town Precinct 3,,,,,,,,,,,,,,,,,,
Bellingham Town Precinct 4,,,,,,,,,,,,,,,,,,
Bellingham Town Precinct 5,,,,,,,,,,,,,,,,,,
Belmont Town Precinct 1,,,,,,,,,,,,,,,,,,
Belmont Town Precinct 2,,,,,,,,,,,,,,,,,,
Belmont Town Precinct 3,,,,,,,,,,,,,,,,,,
Belmont Town Precinct 4,,,,,,,,,,,,,,,,,,
Belmont Town Precinct 5,,,,,,,,,,,,,,,,,,
Belmont Town Precinct 6,,,,,,,,,,,,,,,,,,
Belmont Town Precinct 7,,,,,,,,,,,,,,,,,,
Belmont Town Precinct 8,,,,,,,,,,,,,,,,,,
Berkley Town Precinct 1,,,,,,,,,,,,,,,,,,
Berkley Town Precinct 2,,,,,,,,,,,,,,,,,,
Berlin Town Precinct 1,,,,,,,,,,,,,,,,,,
Bernardston Town Precinct 1,,,,,,,,,,,,,,,,,,
Beverly City Ward 1 Precinct 1,,,,,,,,,,,,,,,,,,
Beverly City Ward 1 Precinct 2,,,,,,,,,,,,,,,,,,
Beverly City Ward 2 Precinct 1,,,,,,,,,,,,,,,,,,
Beverly City Ward 2 Precinct 2,,,,,,,,,,,,,,,,,,
Beverly City Ward 3 Precinct 1,,,,,,,,,,,,,,,,,,
Beverly City Ward 3 Precinct 2,,,,,,,,,,,,,,,,,,
Beverly City Ward 4 Precinct 1,,,,,,,,,,,,,,,,,,
Beverly City Ward 4 Precinct 2,,,,,,,,,,,,,,,,,,
Beverly City Ward 5 Precinct 1,,,,,,,,,,,,,,,,,,
Beverly City Ward 5 Precinct 2,,,,,,,,,,,,,,,,,,
Beverly City Ward 6 Precinct 1,,,,,,,,,,,,,,,,,,
Beverly City Ward 6 Precinct 2,,,,,,,,,,,,,,,,,,
Billerica Town Precinct 1,,,,,,,,,,,,,,,,,,
Billerica Town Precinct 10,,,,,,,,,,,,,,,,,,
Billerica Town Precinct 11,,,,,,,,,,,,,,,,,,
Billerica Town Precinct 2,,,,,,,,,,,,,,,,,,
Billerica Town Precinct 3,,,,,,,,,,,,,,,,,,
Billerica Town Precinct 4,,,,,,,,,,,,,,,,,,
Billerica Town Precinct 5,,,,,,,,,,,,,,,,,,
Billerica Town Precinct 6,,,,,,,,,,,,,,,,,,
Billerica Town Precinct 7,,,,,,,,,,,,,,,,,,
Billerica Town Precinct 8,,,,,,,,,,,,,,,,,,
Billerica Town Precinct 9,,,,,,,,,,,,,,,,,,
Blackstone Town Precinct 1,,,,,,,,,,,,,,,,,,
Blackstone Town Precinct 2,,,,,,,,,,,,,,,,,,
Blackstone Town Precinct 3,,,,,,,,,,,,,,,,,,
Blandford Town Precinct 1,,,,,,,,,,,,,,,,,,
Bolton Town Precinct 1,,,,,,,,,,,,,,,,,,
Boston City Ward 1 Precinct 15,0.0,0.0,,,,,0.0,0.0,,,,,,,,,,
Bourne Town Precinct 1,,,,,,,,,,,,,,,,,,
Bourne Town Precinct 2,,,,,,,,,,,,,,,,,,
Bourne Town Precinct 3,,,,,,,,,,,,,,,,,,
Bourne Town Precinct 4,,,,,,,,,,,,,,,,,,
Bourne Town Precinct 5,,,,,,,,,,,,,,,,,,
Bourne Town Precinct 6,,,,,,,,,,,,,,,,,,
Bourne Town Precinct 7,,,,,,,,,,,,,,,,,,
Boxborough Town Precinct 1,,,,,,,,,,,,,,,,,,
Boxford Town Precinct 1,,,,,,,,,,,,,,,,,,
Boxford Town Precinct 2,,,,,,,,,,,,,,,,,,
Boxford Town Precinct 3,,,,,,,,,,,,,,,,,,
Boylston Town Precinct 1,,,,,,,,,,,,,,,,,,
Braintree Town Precinct 1A,,,,,,,,,,,,,,,,,,
Braintree Town Precinct 1B,,,,,,,,,,,,,,,,,,
Braintree Town Precinct 2A,,,,,,,,,,,,,,,,,,
Braintree Town Precinct 2B,,,,,,,,,,,,,,,,,,
Braintree Town Precinct 3A,,,,,,,,,,,,,,,,,,
Braintree Town Precinct 3B,,,,,,,,,,,,,,,,,,
Braintree Town Precinct 4A,,,,,,,,,,,,,,,,,,
Braintree Town Precinct 4B,,,,,,,,,,,,,,,,,,
Braintree Town Precinct 5A,,,,,,,,,,,,,,,,,,
Braintree Town Precinct 5B,,,,,,,,,,,,,,,,,,
Braintree Town Precinct 6A,,,,,,,,,,,,,,,,,,
Braintree Town Precinct 6B,,,,,,,,,,,,,,,,,,
Brewster Town Precinct 1,,,,,,,,,,,,,,,,,,
Brewster Town Precinct 2,,,,,,,,,,,,,,,,,,
Brewster Town Precinct 3,,,,,,,,,,,,,,,,,,
Bridgewater Town Precinct 1,,,,,,,,,,,,,,,,,,
Bridgewater Town Precinct 2,,,,,,,,,,,,,,,,,,
Bridgewater Town Precinct 3,,,,,,,,,,,,,,,,,,
Bridgewater Town Precinct 4,,,,,,,,,,,,,,,,,,
Bridgewater Town Precinct 5,,,,,,,,,,,,,,,,,,
Bridgewater Town Precinct 6,,,,,,,,,,,,,,,,,,
Bridgewater Town Precinct 7,,,,,,,,,,,,,,,,,,
Brimfield Town Precinct 1,,,,,,,,,,,,,,,,,,
Brockton City Ward 1 Precinct A,,,,,,,,,,,,,,,,,,
Brockton City Ward 1 Precinct B,,,,,,,,,,,,,,,,,,
Brockton City Ward 1 Precinct C,,,,,,,,,,,,,,,,,,
Brockton City Ward 1 Precinct D,,,,,,,,,,,,,,,,,,
Brockton City Ward 2 Precinct A,,,,,,,,,,,,,,,,,,
Brockton City Ward 2 Precinct B,,,,,,,,,,,,,,,,,,
Brockton City Ward 2 Precinct C,,,,,,,,,,,,,,,,,,
Brockton City Ward 2 Precinct D,,,,,,,,,,,,,,,,,,
Brockton City Ward 3 Precinct A,,,,,,,,,,,,,,,,,,
Brockton City Ward 3 Precinct B,,,,,,,,,,,,,,,,,,
Brockton City Ward 3 Precinct C,,,,,,,,,,,,,,,,,,
Brockton City Ward 3 Precinct D,,,,,,,,,,,,,,,,,,
Brockton City Ward 4 Precinct A,,,,,,,,,,,,,,,,,,
Brockton City Ward 4 Precinct B,,,,,,,,,,,,,,,,,,
Brockton City Ward 4 Precinct C,,,,,,,,,,,,,,,,,,
Brockton City Ward 4 Precinct D,,,,,,,,,,,,,,,,,,
Brockton City Ward 5 Precinct A,,,,,,,,,,,,,,,,,,
Brockton City Ward 5 Precinct B,,,,,,,,,,,,,,,,,,
Brockton City Ward 5 Precinct C,,,,,,,,,,,,,,,,,,
Brockton City Ward 5 Precinct D,,,,,,,,,,,,,,,,,,
Brockton City Ward 6 Precinct A,,,,,,,,,,,,,,,,,,
Brockton City Ward 6 Precinct B,,,,,,,,,,,,,,,,,,
Brockton City Ward 6 Precinct C,,,,,,,,,,,,,,,,,,
Brockton City Ward 6 Precinct D,,,,,,,,,,,,,,,,,,
Brockton City Ward 7 Precinct A,,,,,,,,,,,,,,,,,,
Brockton City Ward 7 Precinct B,,,,,,,,,,,,,,,,,,
Brockton City Ward 7 Precinct C,,,,,,,,,,,,,,,,,,
Brockton City Ward 7 Precinct D,,,,,,,,,,,,,,,,,,
Brookfield Town Precinct 1,,,,,,,,,,,,,,,,,,
Brookline Town Precinct 1,,,,,,,,,,,,,,,,,,
Brookline Town Precinct 10,,,,,,,,,,,,,,,,,,
Brookline Town Precinct 11,,,,,,,,,,,,,,,,,,
Brookline Town Precinct 12,,,,,,,,,,,,,,,,,,
Brookline Town Precinct 13,,,,,,,,,,,,,,,,,,
Brookline Town Precinct 14,,,,,,,,,,,,,,,,,,
Brookline Town Precinct 15,,,,,,,,,,,,,,,,,,
Brookline Town Precinct 16,,,,,,,,,,,,,,,,,,
Brookline Town Precinct 2,,,,,,,,,,,,,,,,,,
Brookline Town Precinct 3,,,,,,,,,,,,,,,,,,
Brookline Town Precinct 4,,,,,,,,,,,,,,,,,,
Brookline Town Precinct 5,,,,,,,,,,,,,,,,,,
Brookline Town Precinct 6,,,,,,,,,,,,,,,,,,
Brookline Town Precinct 7,,,,,,,,,,,,,,,,,,
Brookline Town Precinct 8,,,,,,,,,,,,,,,,,,
Brookline Town Precinct 9,,,,,,,,,,,,,,,,,,
Buckland Town Precinct 1,,,,,,,,,,,,,,,,,,
Burlington Town Precinct 1,,,,,,,,,,,,,,,,,,
Burlington Town Precinct 2,,,,,,,,,,,,,,,,,,
Burlington Town Precinct 3,,,,,,,,,,,,,,,,,,
Burlington Town Precinct 4,,,,,,,,,,,,,,,,,,
Burlington Town Precinct 5,,,,,,,,,,,,,,,,,,
Burlington Town Precinct 6,,,,,,,,,,,,,,,,,,
Burlington Town Precinct 7,,,,,,,,,,,,,,,,,,
Cambridge City Ward 10 Precinct 1,,,,,,,,,,,,,,,,,,
Cambridge City Ward 10 Precinct 2,,,,,,,,,,,,,,,,,,
Cambridge City Ward 4 Precinct 2,,,,,,,,,,,,,,,,,,
Cambridge City Ward 4 Precinct 3,,,,,,,,,,,,,,,,,,
Cambridge City Ward 6 Precinct 1,,,,,,,,,,,,,,,,,,
Cambridge City Ward 6 Precinct 2,,,,,,,,,,,,,,,,,,
Cambridge City Ward 6 Precinct 3,,,,,,,,,,,,,,,,,,
Cambridge City Ward 7 Precinct 1,,,,,,,,,,,,,,,,,,
Cambridge City Ward 7 Precinct 2,,,,,,,,,,,,,,,,,,
Cambridge City Ward 7 Precinct 3,,,,,,,,,,,,,,,,,,
Cambridge City Ward 8 Precinct 1,,,,,,,,,,,,,,,,,,
Cambridge City Ward 8 Precinct 2,,,,,,,,,,,,,,,,,,
Cambridge City Ward 8 Precinct 3,,,,,,,,,,,,,,,,,,
Cambridge City Ward 9 Precinct 1,,,,,,,,,,,,,,,,,,
Cambridge City Ward 9 Precinct 2,,,,,,,,,,,,,,,,,,
Cambridge City Ward 9 Precinct 3,,,,,,,,,,,,,,,,,,
Canton Town Precinct 1,,,,,,,,,,,,,,,,,,
Canton Town Precinct 2,,,,,,,,,,,,,,,,,,
Canton Town Precinct 3,,,,,,,,,,,,,,,,,,
Canton Town Precinct 4,,,,,,,,,,,,,,,,,,
Canton Town Precinct 5,,,,,,,,,,,,,,,,,,
Canton Town Precinct 6,,,,,,,,,,,,,,,,,,
Carlisle Town Precinct 1,,,,,,,,,,,,,,,,,,
Carver Town Precinct 1,,,,,,,,,,,,,,,,,,
Carver Town Precinct 2,,,,,,,,,,,,,,,,,,
Carver Town Precinct 3,,,,,,,,,,,,,,,,,,
Charlemont Town Precinct 1,,,,,,,,,,,,,,,,,,
Charlton Town Precinct 1,,,,,,,,,,,,,,,,,,
Charlton Town Precinct 2,,,,,,,,,,,,,,,,,,
Charlton Town Precinct 3,,,,,,,,,,,,,,,,,,
Charlton Town Precinct 4,,,,,,,,,,,,,,,,,,
Chatham Town Precinct 1,,,,,,,,,,,,,,,,,,
Chelmsford Town Precinct 1,,,,,,,,,,,,,,,,,,
Chelmsford Town Precinct 2,,,,,,,,,,,,,,,,,,
Chelmsford Town Precinct 3,,,,,,,,,,,,,,,,,,
Chelmsford Town Precinct 4,,,,,,,,,,,,,,,,,,
Chelmsford Town Precinct 5,,,,,,,,,,,,,,,,,,
Chelmsford Town Precinct 6,,,,,,,,,,,,,,,,,,
Chelmsford Town Precinct 7,,,,,,,,,,,,,,,,,,
Chelmsford Town Precinct 8,,,,,,,,,,,,,,,,,,
Chelmsford Town Precinct 9,,,,,,,,,,,,,,,,,,
Cheshire Town Precinct 1,,,,,,,,,,,,,,,,,,
Chester Town Precinct 1,,,,,,,,,,,,,,,,,,
Chesterfield Town Precinct 1,,,,,,,,,,,,,,,,,,
Chicopee City Ward 1 Precinct A,,,,,,,,,,,,,,,,,,
Chicopee City Ward 1 Precinct B,,,,,,,,,,,,,,,,,,
Chicopee City Ward 2 Precinct A,,,,,,,,,,,,,,,,,,
Chicopee City Ward 2 Precinct B,,,,,,,,,,,,,,,,,,
Chicopee City Ward 3 Precinct A,,,,,,,,,,,,,,,,,,
Chicopee City Ward 3 Precinct B,,,,,,,,,,,,,,,,,,
Chicopee City Ward 4 Precinct A,,,,,,,,,,,,,,,,,,
Chicopee City Ward 4 Precinct B,,,,,,,,,,,,,,,,,,
Chicopee City Ward 5 Precinct A,,,,,,,,,,,,,,,,,,
Chicopee City Ward 5 Precinct B,,,,,,,,,,,,,,,,,,
Chicopee City Ward 6 Precinct A,,,,,,,,,,,,,,,,,,
Chicopee City Ward 6 Precinct B,,,,,,,,,,,,,,,,,,
Chicopee City Ward 7 Precinct A,,,,,,,,,,,,,,,,,,
Chicopee City Ward 7 Precinct B,,,,,,,,,,,,,,,,,,
Chicopee City Ward 8 Precinct A,,,,,,,,,,,,,,,,,,
Chicopee City Ward 8 Precinct B,,,,,,,,,,,,,,,,,,
Chicopee City Ward 9 Precinct A,,,,,,,,,,,,,,,,,,
Chicopee City Ward 9 Precinct B,,,,,,,,,,,,,,,,,,
Chilmark Town Precinct 1,,,,,,,,,,,,,,,,,,
Clarksburg Town Precinct 1,,,,,,,,,,,,,,,,,,
Clinton Town Precinct 1,,,,,,,,,,,,,,,,,,
Clinton Town Precinct 2,,,,,,,,,,,,,,,,,,
Clinton Town Precinct 3,,,,,,,,,,,,,,,,,,
Clinton Town Precinct 4,,,,,,,,,,,,,,,,,,
Cohasset Town Precinct 1,,,,,,,,,,,,,,,,,,
Cohasset Town Precinct 2,,,,,,,,,,,,,,,,,,
Colrain Town Precinct 1,,,,,,,,,,,,,,,,,,
Concord Town Precinct 1,,,,,,,,,,,,,,,,,,
Concord Town Precinct 2,,,,,,,,,,,,,,,,,,
Concord Town Precinct 3,,,,,,,,,,,,,,,,,,
Concord Town Precinct 4,,,,,,,,,,,,,,,,,,
Concord Town Precinct 5,,,,,,,,,,,,,,,,,,
Conway Town Precinct 1,,,,,,,,,,,,,,,,,,
Cummington Town Precinct 1,,,,,,,,,,,,,,,,,,
Dalton Town Precinct 1,,,,,,,,,,,,,,,,,,
Dalton Town Precinct 2,,,,,,,,,,,,,,,,,,
Danvers Town Precinct 1,,,,,,,,,,,,,,,,,,
Danvers Town Precinct 2,,,,,,,,,,,,,,,,,,
Danvers Town Precinct 3,,,,,,,,,,,,,,,,,,
Danvers Town Precinct 4,,,,,,,,,,,,,,,,,,
Danvers Town Precinct 5,,,,,,,,,,,,,,,,,,
Danvers Town Precinct 6,,,,,,,,,,,,,,,,,,
Danvers Town Precinct 7,,,,,,,,,,,,,,,,,,
Danvers Town Precinct 8,,,,,,,,,,,,,,,,,,
Dartmouth Town Precinct 1,,,,,,,,,,,,,,,,,,
Dartmouth Town Precinct 2,,,,,,,,,,,,,,,,,,
Dartmouth Town Precinct 3,,,,,,,,,,,,,,,,,,
Dartmouth Town Precinct 4,,,,,,,,,,,,,,,,,,
Dartmouth Town Precinct 5,,,,,,,,,,,,,,,,,,
Dartmouth Town Precinct 6,,,,,,,,,,,,,,,,,,
Dartmouth Town Precinct 7,,,,,,,,,,,,,,,,,,
Dartmouth Town Precinct 8,,,,,,,,,,,,,,,,,,
Dartmouth Town Precinct 9,,,,,,,,,,,,,,,,,,
Dedham Town Precinct 1,,,,,,,,,,,,,,,,,,
Dedham Town Precinct 2,,,,,,,,,,,,,,,,,,
Dedham Town Precinct 3,,,,,,,,,,,,,,,,,,
Dedham Town Precinct 4,,,,,,,,,,,,,,,,,,
Dedham Town Precinct 5,,,,,,,,,,,,,,,,,,
Dedham Town Precinct 6,,,,,,,,,,,,,,,,,,
Dedham Town Precinct 7,,,,,,,,,,,,,,,,,,
Deerfield Town Precinct 1,,,,,,,,,,,,,,,,,,
Dennis Town Precinct 1,,,,,,,,,,,,,,,,,,
Dennis Town Precinct 2,,,,,,,,,,,,,,,,,,
Dennis Town Precinct 3,,,,,,,,,,,,,,,,,,
Dennis Town Precinct 4,,,,,,,,,,,,,,,,,,
Dennis Town Precinct 5,,,,,,,,,,,,,,,,,,
Dighton Town Precinct 1,,,,,,,,,,,,,,,,,,
Dighton Town Precinct 2,,,,,,,,,,,,,,,,,,
Douglas Town Precinct 1,,,,,,,,,,,,,,,,,,
Douglas Town Precinct 2,,,,,,,,,,,,,,,,,,
Douglas Town Precinct 3,,,,,,,,,,,,,,,,,,
Dover Town Precinct 1,,,,,,,,,,,,,,,,,,
Dracut Town Precinct 1,,,,,,,,,,,,,,,,,,
Dracut Town Precinct 2,,,,,,,,,,,,,,,,,,
Dracut Town Precinct 3,,,,,,,,,,,,,,,,,,
Dracut Town Precinct 4,,,,,,,,,,,,,,,,,,
Dracut Town Precinct 5,,,,,,,,,,,,,,,,,,
Dracut Town Precinct 6,,,,,,,,,,,,,,,,,,
Dracut Town Precinct 7,,,,,,,,,,,,,,,,,,
Dracut Town Precinct 8,,,,,,,,,,,,,,,,,,
Dracut Town Precinct 9,,,,,,,,,,,,,,,,,,
Dudley Town Precinct 1,,,,,,,,,,,,,,,,,,
Dudley Town Precinct 2,,,,,,,,,,,,,,,,,,
Dudley Town Precinct 3,,,,,,,,,,,,,,,,,,
Dunstable Town Precinct 1,,,,,,,,,,,,,,,,,,
Duxbury Town Precinct 1,,,,,,,,,,,,,,,,,,
Duxbury Town Precinct 2,,,,,,,,,,,,,,,,,,
Duxbury Town Precinct 3,,,,,,,,,,,,,,,,,,
Duxbury Town Precinct 4,,,,,,,,,,,,,,,,,,
Duxbury Town Precinct 5,,,,,,,,,,,,,,,,,,
Duxbury Town Precinct 6,,,,,,,,,,,,,,,,,,
East Bridgewater Town Precinct 1,,,,,,,,,,,,,,,,,,
East Bridgewater Town Precinct 2,,,,,,,,,,,,,,,,,,
East Bridgewater Town Precinct 3,,,,,,,,,,,,,,,,,,
East Bridgewater Town Precinct 4,,,,,,,,,,,,,,,,,,
East Brookfield Town Precinct 1,,,,,,,,,,,,,,,,,,
East Longmeadow Town Precinct 1,,,,,,,,,,,,,,,,,,
East Longmeadow Town Precinct 2,,,,,,,,,,,,,,,,,,
East Longmeadow Town Precinct 3,,,,,,,,,,,,,,,,,,
East Longmeadow Town Precinct 4,,,,,,,,,,,,,,,,,,
Eastham Town Precinct 1,,,,,,,,,,,,,,,,,,
Easthampton City Precinct 1,,,,,,,,,,,,,,,,,,
Easthampton City Precinct 2,,,,,,,,,,,,,,,,,,
Easthampton City Precinct 3,,,,,,,,,,,,,,,,,,
Easthampton City Precinct 4,,,,,,,,,,,,,,,,,,
Easthampton City Precinct 5,,,,,,,,,,,,,,,,,,
Easton Town Precinct 1,,,,,,,,,,,,,,,,,,
Easton Town Precinct 2,,,,,,,,,,,,,,,,,,
Easton Town Precinct 3,,,,,,,,,,,,,,,,,,
Easton Town Precinct 4,,,,,,,,,,,,,,,,,,
Easton Town Precinct 5,,,,,,,,,,,,,,,,,,
Easton Town Precinct 6,,,,,,,,,,,,,,,,,,
Edgartown Town Precinct 1,,,,,,,,,,,,,,,,,,
Egremont Town Precinct 1,,,,,,,,,,,,,,,,,,
Erving Town Precinct 1,,,,,,,,,,,,,,,,,,
Essex Town Precinct 1,,,,,,,,,,,,,,,,,,
Fairhaven Town Precinct 1,,,,,,,,,,,,,,,,,,
Fairhaven Town Precinct 2,,,,,,,,,,,,,,,,,,
Fairhaven Town Precinct 3,,,,,,,,,,,,,,,,,,
Fairhaven Town Precinct 4,,,,,,,,,,,,,,,,,,
Fairhaven Town Precinct 5,,,,,,,,,,,,,,,,,,
Fairhaven Town Precinct 6,,,,,,,,,,,,,,,,,,
Fall River City Ward 1 Precinct A,,,,,,,,,,,,,,,,,,
Fall River City Ward 1 Precinct B,,,,,,,,,,,,,,,,,,
Fall River City Ward 1 Precinct C,,,,,,,,,,,,,,,,,,
Fall River City Ward 2 Precinct A,,,,,,,,,,,,,,,,,,
Fall River City Ward 2 Precinct B,,,,,,,,,,,,,,,,,,
Fall River City Ward 2 Precinct C,,,,,,,,,,,,,,,,,,
Fall River City Ward 3 Precinct A,,,,,,,,,,,,,,,,,,
Fall River City Ward 3 Precinct B,,,,,,,,,,,,,,,,,,
Fall River City Ward 3 Precinct C,,,,,,,,,,,,,,,,,,
Fall River City Ward 4 Precinct A,,,,,,,,,,,,,,,,,,
Fall River City Ward 4 Precinct B,,,,,,,,,,,,,,,,,,
Fall River City Ward 4 Precinct C,,,,,,,,,,,,,,,,,,
Fall River City Ward 5 Precinct A,,,,,,,,,,,,,,,,,,
Fall River City Ward 5 Precinct B,,,,,,,,,,,,,,,,,,
Fall River City Ward 5 Precinct C,,,,,,,,,,,,,,,,,,
Fall River City Ward 6 Precinct A,,,,,,,,,,,,,,,,,,
Fall River City Ward 6 Precinct B,,,,,,,,,,,,,,,,,,
Fall River City Ward 6 Precinct C,,,,,,,,,,,,,,,,,,
Fall River City Ward 7 Precinct A,,,,,,,,,,,,,,,,,,
Fall River City Ward 7 Precinct B,,,,,,,,,,,,,,,,,,
Fall River City Ward 7 Precinct C,,,,,,,,,,,,,,,,,,
Fall River City Ward 8 Precinct A,,,,,,,,,,,,,,,,,,
Fall River City Ward 8 Precinct B,,,,,,,,,,,,,,,,,,
Fall River City Ward 8 Precinct C,,,,,,,,,,,,,,,,,,
Fall River City Ward 9 Precinct A,,,,,,,,,,,,,,,,,,
Fall River City Ward 9 Precinct B,,,,,,,,,,,,,,,,,,
Fall River City Ward 9 Precinct C,,,,,,,,,,,,,,,,,,
Falmouth Town Precinct 1,,,,,,,,,,,,,,,,,,
Falmouth Town Precinct 2,,,,,,,,,,,,,,,,,,
Falmouth Town Precinct 3,,,,,,,,,,,,,,,,,,
Falmouth Town Precinct 4,,,,,,,,,,,,,,,,,,
Falmouth Town Precinct 5,,,,,,,,,,,,,,,,,,
Falmouth Town Precinct 6,,,,,,,,,,,,,,,,,,
Falmouth Town Precinct 7,,,,,,,,,,,,,,,,,,
Falmouth Town Precinct 8,,,,,,,,,,,,,,,,,,
Falmouth Town Precinct 9,,,,,,,,,,,,,,,,,,
Fitchburg City Ward 1 Precinct A,,,,,,,,,,,,,,,,,,
Fitchburg City Ward 1 Precinct B,,,,,,,,,,,,,,,,,,
Fitchburg City Ward 2 Precinct A,,,,,,,,,,,,,,,,,,
Fitchburg City Ward 2 Precinct B,,,,,,,,,,,,,,,,,,
Fitchburg City Ward 3 Precinct A,,,,,,,,,,,,,,,,,,
Fitchburg City Ward 3 Precinct B,,,,,,,,,,,,,,,,,,
Fitchburg City Ward 4 Precinct A,,,,,,,,,,,,,,,,,,
Fitchburg City Ward 4 Precinct B,,,,,,,,,,,,,,,,,,
Fitchburg City Ward 5 Precinct A,,,,,,,,,,,,,,,,,,
Fitchburg City Ward 5 Precinct B,,,,,,,,,,,,,,,,,,
Fitchburg City Ward 6 Precinct A,,,,,,,,,,,,,,,,,,
Fitchburg City Ward 6 Precinct B,,,,,,,,,,,,,,,,,,
Florida Town Precinct 1,,,,,,,,,,,,,,,,,,
Foxborough Town Precinct 1,,,,,,,,,,,,,,,,,,
Foxborough Town Precinct 2,,,,,,,,,,,,,,,,,,
Foxborough Town Precinct 3,,,,,,,,,,,,,,,,,,
Foxborough Town Precinct 4,,,,,,,,,,,,,,,,,,
Foxborough Town Precinct 5,,,,,,,,,,,,,,,,,,
Framingham Town Precinct 1,,,,,,,,,,,,,,,,,,
Framingham Town Precinct 10,,,,,,,,,,,,,,,,,,
Framingham Town Precinct 11,,,,,,,,,,,,,,,,,,
Framingham Town Precinct 12,,,,,,,,,,,,,,,,,,
Framingham Town Precinct 13,,,,,,,,,,,,,,,,,,
Framingham Town Precinct 14,,,,,,,,,,,,,,,,,,
Framingham Town Precinct 15,,,,,,,,,,,,,,,,,,
Framingham Town Precinct 16,,,,,,,,,,,,,,,,,,
Framingham Town Precinct 17,,,,,,,,,,,,,,,,,,
Framingham Town Precinct 18,,,,,,,,,,,,,,,,,,
Framingham Town Precinct 2,,,,,,,,,,,,,,,,,,
Framingham Town Precinct 3,,,,,,,,,,,,,,,,,,
Framingham Town Precinct 4,,,,,,,,,,,,,,,,,,
Framingham Town Precinct 5,,,,,,,,,,,,,,,,,,
Framingham Town Precinct 6,,,,,,,,,,,,,,,,,,
Framingham Town Precinct 7,,,,,,,,,,,,,,,,,,
Framingham Town Precinct 8,,,,,,,,,,,,,,,,,,
Framingham Town Precinct 9,,,,,,,,,,,,,,,,,,
Franklin Town Precinct 1,,,,,,,,,,,,,,,,,,
Franklin Town Precinct 2,,,,,,,,,,,,,,,,,,
Franklin Town Precinct 3,,,,,,,,,,,,,,,,,,
Franklin Town Precinct 4,,,,,,,,,,,,,,,,,,
Franklin Town Precinct 5,,,,,,,,,,,,,,,,,,
Franklin Town Precinct 6,,,,,,,,,,,,,,,,,,
Franklin Town Precinct 7,,,,,,,,,,,,,,,,,,
Franklin Town Precinct 8,,,,,,,,,,,,,,,,,,
Freetown Town Precinct 1,,,,,,,,,,,,,,,,,,
Freetown Town Precinct 2,,,,,,,,,,,,,,,,,,
Freetown Town Precinct 3,,,,,,,,,,,,,,,,,,
Gardner City Ward 1 Precinct A,,,,,,,,,,,,,,,,,,
Gardner City Ward 1 Precinct B,,,,,,,,,,,,,,,,,,
Gardner City Ward 2 Precinct A,,,,,,,,,,,,,,,,,,
Gardner City Ward 2 Precinct B,,,,,,,,,,,,,,,,,,
Gardner City Ward 3 Precinct A,,,,,,,,,,,,,,,,,,
Gardner City Ward 3 Precinct B,,,,,,,,,,,,,,,,,,
Gardner City Ward 4 Precinct A,,,,,,,,,,,,,,,,,,
Gardner City Ward 4 Precinct B,,,,,,,,,,,,,,,,,,
Gardner City Ward 5 Precinct A,,,,,,,,,,,,,,,,,,
Gardner City Ward 5 Precinct B,,,,,,,,,,,,,,,,,,
Georgetown Town Precinct 1,,,,,,,,,,,,,,,,,,
Georgetown Town Precinct 2,,,,,,,,,,,,,,,,,,
Georgetown Town Precinct 3,,,,,,,,,,,,,,,,,,
Gill Town Precinct 1,,,,,,,,,,,,,,,,,,
Gloucester City Ward 1 Precinct 1,,,,,,,,,,,,,,,,,,
Gloucester City Ward 1 Precinct 2,,,,,,,,,,,,,,,,,,
Gloucester City Ward 2 Precinct 1,,,,,,,,,,,,,,,,,,
Gloucester City Ward 2 Precinct 2,,,,,,,,,,,,,,,,,,
Gloucester City Ward 3 Precinct 1,,,,,,,,,,,,,,,,,,
Gloucester City Ward 3 Precinct 2,,,,,,,,,,,,,,,,,,
Gloucester City Ward 4 Precinct 1,,,,,,,,,,,,,,,,,,
Gloucester City Ward 4 Precinct 2,,,,,,,,,,,,,,,,,,
Gloucester City Ward 5 Precinct 1,,,,,,,,,,,,,,,,,,
Gloucester City Ward 5 Precinct 2,,,,,,,,,,,,,,,,,,
Goshen Town Precinct 1,,,,,,,,,,,,,,,,,,
Gosnold Town Precinct 1,,,,,,,,,,,,,,,,,,
Grafton Town Precinct 1,,,,,,,,,,,,,,,,,,
Grafton Town Precinct 2,,,,,,,,,,,,,,,,,,
Grafton Town Precinct 3,,,,,,,,,,,,,,,,,,
Grafton Town Precinct 4,,,,,,,,,,,,,,,,,,
Grafton Town Precinct 5,,,,,,,,,,,,,,,,,,
Granby Town Precinct 1,,,,,,,,,,,,,,,,,,
Granby Town Precinct 2,,,,,,,,,,,,,,,,,,
Granville Town Precinct 1,,,,,,,,,,,,,,,,,,
Great Barrington Town Precinct A,,,,,,,,,,,,,,,,,,
Great Barrington Town Precinct B,,,,,,,,,,,,,,,,,,
Great Barrington Town Precinct C,,,,,,,,,,,,,,,,,,
Great Barrington Town Precinct D,,,,,,,,,,,,,,,,,,
Greenfield Town Precinct 1,,,,,,,,,,,,,,,,,,
Greenfield Town Precinct 2,,,,,,,,,,,,,,,,,,
Greenfield Town Precinct 3,,,,,,,,,,,,,,,,,,
Greenfield Town Precinct 4,,,,,,,,,,,,,,,,,,
Greenfield Town Precinct 5,,,,,,,,,,,,,,,,,,
Greenfield Town Precinct 6,,,,,,,,,,,,,,,,,,
Greenfield Town Precinct 7,,,,,,,,,,,,,,,,,,
Greenfield Town Precinct 8,,,,,,,,,,,,,,,,,,
Greenfield Town Precinct 9,,,,,,,,,,,,,,,,,,
Groton Town Precinct 1,,,,,,,,,,,,,,,,,,
Groton Town Precinct 2,,,,,,,,,,,,,,,,,,
Groton Town Precinct 3,,,,,,,,,,,,,,,,,,
Groveland Town Precinct 1,,,,,,,,,,,,,,,,,,
Groveland Town Precinct 2,,,,,,,,,,,,,,,,,,
Hadley Town Precinct 1,,,,,,,,,,,,,,,,,,
Halifax Town Precinct 1,,,,,,,,,,,,,,,,,,
Halifax Town Precinct 2,,,,,,,,,,,,,,,,,,
Hamilton Town Precinct 1,,,,,,,,,,,,,,,,,,
Hamilton Town Precinct 2,,,,,,,,,,,,,,,,,,
Hamilton Town Precinct 3,,,,,,,,,,,,,,,,,,
Hampden Town Precinct 1,,,,,,,,,,,,,,,,,,
Hancock Town Precinct 1,,,,,,,,,,,,,,,,,,
Hanover Town Precinct 1,,,,,,,,,,,,,,,,,,
Hanover Town Precinct 2,,,,,,,,,,,,,,,,,,
Hanover Town Precinct 3,,,,,,,,,,,,,,,,,,
Hanover Town Precinct 4,,,,,,,,,,,,,,,,,,
Hanson Town Precinct 1,,,,,,,,,,,,,,,,,,
Hanson Town Precinct 2,,,,,,,,,,,,,,,,,,
Hanson Town Precinct 3,,,,,,,,,,,,,,,,,,
Hardwick Town Precinct 1,,,,,,,,,,,,,,,,,,
Harvard Town Precinct 1,,,,,,,,,,,,,,,,,,
Harwich Town Precinct 1,,,,,,,,,,,,,,,,,,
Harwich Town Precinct 2,,,,,,,,,,,,,,,,,,
Harwich Town Precinct 3,,,,,,,,,,,,,,,,,,
Harwich Town Precinct 4,,,,,,,,,,,,,,,,,,
Hatfield Town Precinct 1,,,,,,,,,,,,,,,,,,
Haverhill City Ward 1 Precinct 1,,,,,,,,,,,,,,,,,,
Haverhill City Ward 1 Precinct 2,,,,,,,,,,,,,,,,,,
Haverhill City Ward 1 Precinct 3,,,,,,,,,,,,,,,,,,
Haverhill City Ward 2 Precinct 1,,,,,,,,,,,,,,,,,,
Haverhill City Ward 2 Precinct 2,,,,,,,,,,,,,,,,,,
Haverhill City Ward 2 Precinct 3,,,,,,,,,,,,,,,,,,
Haverhill City Ward 3 Precinct 1,,,,,,,,,,,,,,,,,,
Haverhill City Ward 3 Precinct 2,,,,,,,,,,,,,,,,,,
Haverhill City Ward 3 Precinct 3,,,,,,,,,,,,,,,,,,
Haverhill City Ward 4 Precinct 1,,,,,,,,,,,,,,,,,,
Haverhill City Ward 4 Precinct 2,,,,,,,,,,,,,,,,,,
Haverhill City Ward 4 Precinct 3,,,,,,,,,,,,,,,,,,
Haverhill City Ward 5 Precinct 1,,,,,,,,,,,,,,,,,,
Haverhill City Ward 5 Precinct 2,,,,,,,,,,,,,,,,,,
Haverhill City Ward 5 Precinct 3,,,,,,,,,,,,,,,,,,
Haverhill City Ward 6 Precinct 1,,,,,,,,,,,,,,,,,,
Haverhill City Ward 6 Precinct 2,,,,,,,,,,,,,,,,,,
Haverhill City Ward 6 Precinct 3,,,,,,,,,,,,,,,,,,
Haverhill City Ward 7 Precinct 1,,,,,,,,,,,,,,,,,,
Haverhill City Ward 7 Precinct 2,,,,,,,,,,,,,,,,,,
Haverhill City Ward 7 Precinct 3,,,,,,,,,,,,,,,,,,
Hawley Town Precinct 1,,,,,,,,,,,,,,,,,,
Heath Town Precinct 1,,,,,,,,,,,,,,,,,,
Hingham Town Precinct 1,,,,,,,,,,,,,,,,,,
Hingham Town Precinct 2,,,,,,,,,,,,,,,,,,
Hingham Town Precinct 3,,,,,,,,,,,,,,,,,,
Hingham Town Precinct 4,,,,,,,,,,,,,,,,,,
Hingham Town Precinct 5,,,,,,,,,,,,,,,,,,
Hingham Town Precinct 6,,,,,,,,,,,,,,,,,,
Hinsdale Town Precinct 1,,,,,,,,,,,,,,,,,,
Holbrook Town Precinct 1,,,,,,,,,,,,,,,,,,
Holbrook Town Precinct 2,,,,,,,,,,,,,,,,,,
Holbrook Town Precinct 3,,,,,,,,,,,,,,,,,,
Holbrook Town Precinct 4,,,,,,,,,,,,,,,,,,
Holden Town Precinct 1,,,,,,,,,,,,,,,,,,
Holden Town Precinct 2,,,,,,,,,,,,,,,,,,
Holden Town Precinct 3,,,,,,,,,,,,,,,,,,
Holden Town Precinct 4,,,,,,,,,,,,,,,,,,
Holden Town Precinct 5,,,,,,,,,,,,,,,,,,
Holland Town Precinct 1,,,,,,,,,,,,,,,,,,
Holliston Town Precinct 1,,,,,,,,,,,,,,,,,,
Holliston Town Precinct 2,,,,,,,,,,,,,,,,,,
Holliston Town Precinct 3,,,,,,,,,,,,,,,,,,
Holliston Town Precinct 4,,,,,,,,,,,,,,,,,,
Holyoke City Ward 1 Precinct A,,,,,,,,,,,,,,,,,,
Holyoke City Ward 1 Precinct B,,,,,,,,,,,,,,,,,,
Holyoke City Ward 2 Precinct A,,,,,,,,,,,,,,,,,,
Holyoke City Ward 2 Precinct B,,,,,,,,,,,,,,,,,,
Holyoke City Ward 3 Precinct A,,,,,,,,,,,,,,,,,,
Holyoke City Ward 3 Precinct B,,,,,,,,,,,,,,,,,,
Holyoke City Ward 4 Precinct A,,,,,,,,,,,,,,,,,,
Holyoke City Ward 4 Precinct B,,,,,,,,,,,,,,,,,,
Holyoke City Ward 5 Precinct A,,,,,,,,,,,,,,,,,,
Holyoke City Ward 5 Precinct B,,,,,,,,,,,,,,,,,,
Holyoke City Ward 6 Precinct A,,,,,,,,,,,,,,,,,,
Holyoke City Ward 6 Precinct B,,,,,,,,,,,,,,,,,,
Holyoke City Ward 7 Precinct A,,,,,,,,,,,,,,,,,,
Holyoke City Ward 7 Precinct B,,,,,,,,,,,,,,,,,,
Hopedale Town Precinct 1,,,,,,,,,,,,,,,,,,
Hopkinton Town Precinct 1,,,,,,,,,,,,,,,,,,
Hopkinton Town Precinct 2,,,,,,,,,,,,,,,,,,
Hopkinton Town Precinct 3,,,,,,,,,,,,,,,,,,
Hopkinton Town Precinct 4,,,,,,,,,,,,,,,,,,
Hubbardston Town Precinct 1,,,,,,,,,,,,,,,,,,
Hudson Town Precinct 1,,,,,,,,,,,,,,,,,,
Hudson Town Precinct 2,,,,,,,,,,,,,,,,,,
Hudson Town Precinct 3,,,,,,,,,,,,,,,,,,
Hudson Town Precinct 4,,,,,,,,,,,,,,,,,,
Hudson Town Precinct 5,,,,,,,,,,,,,,,,,,
Hudson Town Precinct 6,,,,,,,,,,,,,,,,,,
Hudson Town Precinct 7,,,,,,,,,,,,,,,,,,
Hull Town Precinct 1,,,,,,,,,,,,,,,,,,
Hull Town Precinct 2,,,,,,,,,,,,,,,,,,
Hull Town Precinct 3,,,,,,,,,,,,,,,,,,
Huntington Town Precinct 1,,,,,,,,,,,,,,,,,,
Ipswich Town Precinct 1,,,,,,,,,,,,,,,,,,
Ipswich Town Precinct 2,,,,,,,,,,,,,,,,,,
Ipswich Town Precinct 3,,,,,,,,,,,,,,,,,,
Ipswich Town Precinct 4,,,,,,,,,,,,,,,,,,
Kingston Town Precinct 1,,,,,,,,,,,,,,,,,,
Kingston Town Precinct 2,,,,,,,,,,,,,,,,,,
Kingston Town Precinct 3,,,,,,,,,,,,,,,,,,
Kingston Town Precinct 4,,,,,,,,,,,,,,,,,,
Lakeville Town Precinct 1,,,,,,,,,,,,,,,,,,
Lakeville Town Precinct 2,,,,,,,,,,,,,,,,,,
Lakeville Town Precinct 3,,,,,,,,,,,,,,,,,,
Lancaster Town Precinct 1,,,,,,,,,,,,,,,,,,
Lancaster Town Precinct 2,,,,,,,,,,,,,,,,,,
Lanesborough Town Precinct 1,,,,,,,,,,,,,,,,,,
Lawrence City Ward A Precinct 1,,,,,,,,,,,,,,,,,,
Lawrence City Ward A Precinct 2,,,,,,,,,,,,,,,,,,
Lawrence City Ward A Precinct 3,,,,,,,,,,,,,,,,,,
Lawrence City Ward A Precinct 4,,,,,,,,,,,,,,,,,,
Lawrence City Ward B Precinct 1,,,,,,,,,,,,,,,,,,
Lawrence City Ward B Precinct 2,,,,,,,,,,,,,,,,,,
Lawrence City Ward B Precinct 3,,,,,,,,,,,,,,,,,,
Lawrence City Ward B Precinct 4,,,,,,,,,,,,,,,,,,
Lawrence City Ward C Precinct 1,,,,,,,,,,,,,,,,,,
Lawrence City Ward C Precinct 2,,,,,,,,,,,,,,,,,,
Lawrence City Ward C Precinct 3,,,,,,,,,,,,,,,,,,
Lawrence City Ward C Precinct 4,,,,,,,,,,,,,,,,,,
Lawrence City Ward D Precinct 1,,,,,,,,,,,,,,,,,,
Lawrence City Ward D Precinct 2,,,,,,,,,,,,,,,,,,
Lawrence City Ward D Precinct 3,,,,,,,,,,,,,,,,,,
Lawrence City Ward D Precinct 4,,,,,,,,,,,,,,,,,,
Lawrence City Ward E Precinct 1,,,,,,,,,,,,,,,,,,
Lawrence City Ward E Precinct 2,,,,,,,,,,,,,,,,,,
Lawrence City Ward E Precinct 3,,,,,,,,,,,,,,,,,,
Lawrence City Ward E Precinct 4,,,,,,,,,,,,,,,,,,
Lawrence City Ward F Precinct 1,,,,,,,,,,,,,,,,,,
Lawrence City Ward F Precinct 2,,,,,,,,,,,,,,,,,,
Lawrence City Ward F Precinct 3,,,,,,,,,,,,,,,,,,
Lawrence City Ward F Precinct 4,,,,,,,,,,,,,,,,,,
Lee Town Precinct 1,,,,,,,,,,,,,,,,,,
Leicester Town Precinct 1,,,,,,,,,,,,,,,,,,
Leicester Town Precinct 2,,,,,,,,,,,,,,,,,,
Leicester Town Precinct 3,,,,,,,,,,,,,,,,,,
Leicester Town Precinct 4,,,,,,,,,,,,,,,,,,
Lenox Town Precinct 1,,,,,,,,,,,,,,,,,,
Leominster City Ward 1 Precinct A,,,,,,,,,,,,,,,,,,
Leominster City Ward 1 Precinct B,,,,,,,,,,,,,,,,,,
Leominster City Ward 1 Precinct C,,,,,,,,,,,,,,,,,,
Leominster City Ward 2 Precinct A,,,,,,,,,,,,,,,,,,
Leominster City Ward 2 Precinct B,,,,,,,,,,,,,,,,,,
Leominster City Ward 2 Precinct C,,,,,,,,,,,,,,,,,,
Leominster City Ward 3 Precinct A,,,,,,,,,,,,,,,,,,
Leominster City Ward 3 Precinct B,,,,,,,,,,,,,,,,,,
Leominster City Ward 3 Precinct C,,,,,,,,,,,,,,,,,,
Leominster City Ward 4 Precinct A,,,,,,,,,,,,,,,,,,
Leominster City Ward 4 Precinct B,,,,,,,,,,,,,,,,,,
Leominster City Ward 4 Precinct C,,,,,,,,,,,,,,,,,,
Leominster City Ward 5 Precinct A,,,,,,,,,,,,,,,,,,
Leominster City Ward 5 Precinct B,,,,,,,,,,,,,,,,,,
Leominster City Ward 5 Precinct C,,,,,,,,,,,,,,,,,,
Leverett Town Precinct 1,,,,,,,,,,,,,,,,,,
Lexington Town Precinct 1,,,,,,,,,,,,,,,,,,
Lexington Town Precinct 2,,,,,,,,,,,,,,,,,,
Lexington Town Precinct 3,,,,,,,,,,,,,,,,,,
Lexington Town Precinct 4,,,,,,,,,,,,,,,,,,
Lexington Town Precinct 5,,,,,,,,,,,,,,,,,,
Lexington Town Precinct 6,,,,,,,,,,,,,,,,,,
Lexington Town Precinct 7,,,,,,,,,,,,,,,,,,
Lexington Town Precinct 8,,,,,,,,,,,,,,,,,,
Lexington Town Precinct 9,,,,,,,,,,,,,,,,,,
Leyden Town Precinct 1,,,,,,,,,,,,,,,,,,
Lincoln Town Precinct 1,,,,,,,,,,,,,,,,,,
Lincoln Town Precinct 2,,,,,,,,,,,,,,,,,,
Littleton Town Precinct 1,,,,,,,,,,,,,,,,,,
Littleton Town Precinct 2,,,,,,,,,,,,,,,,,,
Littleton Town Precinct 3,,,,,,,,,,,,,,,,,,
Longmeadow Town Precinct A,,,,,,,,,,,,,,,,,,
Longmeadow Town Precinct B,,,,,,,,,,,,,,,,,,
Longmeadow Town Precinct C,,,,,,,,,,,,,,,,,,
Longmeadow Town Precinct D,,,,,,,,,,,,,,,,,,
Longmeadow Town Precinct E,,,,,,,,,,,,,,,,,,
Lowell City Ward 1 Precinct 1,,,,,,,,,,,,,,,,,,
Lowell City Ward 1 Precinct 2,,,,,,,,,,,,,,,,,,
Lowell City Ward 1 Precinct 3,,,,,,,,,,,,,,,,,,
Lowell City Ward 10 Precinct 1,,,,,,,,,,,,,,,,,,
Lowell City Ward 10 Precinct 2,,,,,,,,,,,,,,,,,,
Lowell City Ward 10 Precinct 3,,,,,,,,,,,,,,,,,,
Lowell City Ward 11 Precinct 1,,,,,,,,,,,,,,,,,,
Lowell City Ward 11 Precinct 2,,,,,,,,,,,,,,,,,,
Lowell City Ward 11 Precinct 3,,,,,,,,,,,,,,,,,,
Lowell City Ward 2 Precinct 1,,,,,,,,,,,,,,,,,,
Lowell City Ward 2 Precinct 2,,,,,,,,,,,,,,,,,,
Lowell City Ward 2 Precinct 3,,,,,,,,,,,,,,,,,,
Lowell City Ward 3 Precinct 1,,,,,,,,,,,,,,,,,,
Lowell City Ward 3 Precinct 2,,,,,,,,,,,,,,,,,,
Lowell City Ward 3 Precinct 3,,,,,,,,,,,,,,,,,,
Lowell City Ward 4 Precinct 1,,,,,,,,,,,,,,,,,,
Lowell City Ward 4 Precinct 2,,,,,,,,,,,,,,,,,,
Lowell City Ward 4 Precinct 3,,,,,,,,,,,,,,,,,,
Lowell City Ward 5 Precinct 1,,,,,,,,,,,,,,,,,,
Lowell City Ward 5 Precinct 2,,,,,,,,,,,,,,,,,,
Lowell City Ward 5 Precinct 3,,,,,,,,,,,,,,,,,,
Lowell City Ward 6 Precinct 1,,,,,,,,,,,,,,,,,,
Lowell City Ward 6 Precinct 2,,,,,,,,,,,,,,,,,,
Lowell City Ward 6 Precinct 3,,,,,,,,,,,,,,,,,,
Lowell City Ward 7 Precinct 1,,,,,,,,,,,,,,,,,,
Lowell City Ward 7 Precinct 2,,,,,,,,,,,,,,,,,,
Lowell City Ward 7 Precinct 3,,,,,,,,,,,,,,,,,,
Lowell City Ward 8 Precinct 1,,,,,,,,,,,,,,,,,,
Lowell City Ward 8 Precinct 2,,,,,,,,,,,,,,,,,,
Lowell City Ward 8 Precinct 3,,,,,,,,,,,,,,,,,,
Lowell City Ward 9 Precinct 1,,,,,,,,,,,,,,,,,,
Lowell City Ward 9 Precinct 2,,,,,,,,,,,,,,,,,,
Lowell City Ward 9 Precinct 3,,,,,,,,,,,,,,,,,,
Ludlow Town Precinct 1,,,,,,,,,,,,,,,,,,
Ludlow Town Precinct 2,,,,,,,,,,,,,,,,,,
Ludlow Town Precinct 3,,,,,,,,,,,,,,,,,,
Ludlow Town Precinct 4,,,,,,,,,,,,,,,,,,
Ludlow Town Precinct 5,,,,,,,,,,,,,,,,,,
Ludlow Town Precinct 6,,,,,,,,,,,,,,,,,,
Lunenburg Town Precinct A,,,,,,,,,,,,,,,,,,
Lunenburg Town Precinct B,,,,,,,,,,,,,,,,,,
Lunenburg Town Precinct C,,,,,,,,,,,,,,,,,,
Lunenburg Town Precinct D,,,,,,,,,,,,,,,,,,
Lynn City Ward 1 Precinct 1,,,,,,,,,,,,,,,,,,
Lynn City Ward 1 Precinct 2,,,,,,,,,,,,,,,,,,
Lynn City Ward 1 Precinct 3,,,,,,,,,,,,,,,,,,
Lynn City Ward 1 Precinct 4,,,,,,,,,,,,,,,,,,
Lynn City Ward 2 Precinct 1,,,,,,,,,,,,,,,,,,
Lynn City Ward 2 Precinct 2,,,,,,,,,,,,,,,,,,
Lynn City Ward 2 Precinct 3,,,,,,,,,,,,,,,,,,
Lynn City Ward 2 Precinct 4,,,,,,,,,,,,,,,,,,
Lynn City Ward 3 Precinct 1,,,,,,,,,,,,,,,,,,
Lynn City Ward 3 Precinct 2,,,,,,,,,,,,,,,,,,
Lynn City Ward 3 Precinct 3,,,,,,,,,,,,,,,,,,
Lynn City Ward 3 Precinct 4,,,,,,,,,,,,,,,,,,
Lynn City Ward 4 Precinct 1,,,,,,,,,,,,,,,,,,
Lynn City Ward 4 Precinct 2,,,,,,,,,,,,,,,,,,
Lynn City Ward 4 Precinct 3,,,,,,,,,,,,,,,,,,
Lynn City Ward 4 Precinct 4,,,,,,,,,,,,,,,,,,
Lynn City Ward 5 Precinct 1,,,,,,,,,,,,,,,,,,
Lynn City Ward 5 Precinct 2,,,,,,,,,,,,,,,,,,
Lynn City Ward 5 Precinct 3,,,,,,,,,,,,,,,,,,
Lynn City Ward 5 Precinct 4,,,,,,,,,,,,,,,,,,
Lynn City Ward 6 Precinct 1,,,,,,,,,,,,,,,,,,
Lynn City Ward 6 Precinct 2,,,,,,,,,,,,,,,,,,
Lynn City Ward 6 Precinct 3,,,,,,,,,,,,,,,,,,
Lynn City Ward 6 Precinct 4,,,,,,,,,,,,,,,,,,
Lynn City Ward 7 Precinct 1,,,,,,,,,,,,,,,,,,
Lynn City Ward 7 Precinct 2,,,,,,,,,,,,,,,,,,
Lynn City Ward 7 Precinct 3,,,,,,,,,,,,,,,,,,
Lynn City Ward 7 Precinct 4,,,,,,,,,,,,,,,,,,
Lynnfield Town Precinct 1,,,,,,,,,,,,,,,,,,
Lynnfield Town Precinct 2,,,,,,,,,,,,,,,,,,
Lynnfield Town Precinct 3,,,,,,,,,,,,,,,,,,
Lynnfield Town Precinct 4,,,,,,,,,,,,,,,,,,
Malden City Ward 1 Precinct 1,,,,,,,,,,,,,,,,,,
Malden City Ward 1 Precinct 2,,,,,,,,,,,,,,,,,,
Malden City Ward 2 Precinct 1,,,,,,,,,,,,,,,,,,
Malden City Ward 2 Precinct 2,,,,,,,,,,,,,,,,,,
Malden City Ward 3 Precinct 1,,,,,,,,,,,,,,,,,,
Malden City Ward 3 Precinct 2,,,,,,,,,,,,,,,,,,
Malden City Ward 4 Precinct 1,,,,,,,,,,,,,,,,,,
Malden City Ward 4 Precinct 2,,,,,,,,,,,,,,,,,,
Malden City Ward 5 Precinct 1,,,,,,,,,,,,,,,,,,
Malden City Ward 5 Precinct 2,,,,,,,,,,,,,,,,,,
Malden City Ward 6 Precinct 1,,,,,,,,,,,,,,,,,,
Malden City Ward 6 Precinct 2,,,,,,,,,,,,,,,,,,
Malden City Ward 7 Precinct 1,,,,,,,,,,,,,,,,,,
Malden City Ward 7 Precinct 2,,,,,,,,,,,,,,,,,,
Malden City Ward 8 Precinct 1,,,,,,,,,,,,,,,,,,
Malden City Ward 8 Precinct 2,,,,,,,,,,,,,,,,,,
Manchester-by-the-Sea Town Precinct 1,,,,,,,,,,,,,,,,,,
Mansfield Town Precinct 1,,,,,,,,,,,,,,,,,,
Mansfield Town Precinct 2,,,,,,,,,,,,,,,,,,
Mansfield Town Precinct 3,,,,,,,,,,,,,,,,,,
Mansfield Town Precinct 4,,,,,,,,,,,,,,,,,,
Mansfield Town Precinct 5,,,,,,,,,,,,,,,,,,
Mansfield Town Precinct 6,,,,,,,,,,,,,,,,,,
Marblehead Town Precinct 1,,,,,,,,,,,,,,,,,,
Marblehead Town Precinct 2,,,,,,,,,,,,,,,,,,
Marblehead Town Precinct 3,,,,,,,,,,,,,,,,,,
Marblehead Town Precinct 4,,,,,,,,,,,,,,,,,,
Marblehead Town Precinct 5,,,,,,,,,,,,,,,,,,
Marblehead Town Precinct 6,,,,,,,,,,,,,,,,,,
Marion Town Precinct 1,,,,,,,,,,,,,,,,,,
Marlborough City Ward 1 Precinct 1,,,,,,,,,,,,,,,,,,
Marlborough City Ward 1 Precinct 2,,,,,,,,,,,,,,,,,,
Marlborough City Ward 2 Precinct 1,,,,,,,,,,,,,,,,,,
Marlborough City Ward 2 Precinct 2,,,,,,,,,,,,,,,,,,
Marlborough City Ward 3 Precinct 1,,,,,,,,,,,,,,,,,,
Marlborough City Ward 3 Precinct 2,,,,,,,,,,,,,,,,,,
Marlborough City Ward 4 Precinct 1,,,,,,,,,,,,,,,,,,
Marlborough City Ward 4 Precinct 2,,,,,,,,,,,,,,,,,,
Marlborough City Ward 5 Precinct 1,,,,,,,,,,,,,,,,,,
Marlborough City Ward 5 Precinct 2,,,,,,,,,,,,,,,,,,
Marlborough City Ward 6 Precinct 1,,,,,,,,,,,,,,,,,,
Marlborough City Ward 6 Precinct 2,,,,,,,,,,,,,,,,,,
Marlborough City Ward 7 Precinct 1,,,,,,,,,,,,,,,,,,
Marlborough City Ward 7 Precinct 2,,,,,,,,,,,,,,,,,,
Marshfield Town Precinct 1,,,,,,,,,,,,,,,,,,
Marshfield Town Precinct 2,,,,,,,,,,,,,,,,,,
Marshfield Town Precinct 3,,,,,,,,,,,,,,,,,,
Marshfield Town Precinct 4,,,,,,,,,,,,,,,,,,
Marshfield Town Precinct 5,,,,,,,,,,,,,,,,,,
Marshfield Town Precinct 6,,,,,,,,,,,,,,,,,,
Marshfield Town Precinct 7,,,,,,,,,,,,,,,,,,
Mashpee Town Precinct 1,,,,,,,,,,,,,,,,,,
Mashpee Town Precinct 2,,,,,,,,,,,,,,,,,,
Mashpee Town Precinct 3,,,,,,,,,,,,,,,,,,
Mashpee Town Precinct 4,,,,,,,,,,,,,,,,,,
Mashpee Town Precinct 5,,,,,,,,,,,,,,,,,,
Mattapoisett Town Precinct 1,,,,,,,,,,,,,,,,,,
Maynard Town Precinct 1,,,,,,,,,,,,,,,,,,
Maynard Town Precinct 2,,,,,,,,,,,,,,,,,,
Maynard Town Precinct 3,,,,,,,,,,,,,,,,,,
Maynard Town Precinct 4,,,,,,,,,,,,,,,,,,
Medfield Town Precinct 1,,,,,,,,,,,,,,,,,,
Medfield Town Precinct 2,,,,,,,,,,,,,,,,,,
Medfield Town Precinct 3,,,,,,,,,,,,,,,,,,
Medfield Town Precinct 4,,,,,,,,,,,,,,,,,,
Medford City Ward 1 Precinct 1,,,,,,,,,,,,,,,,,,
Medford City Ward 1 Precinct 2,,,,,,,,,,,,,,,,,,
Medford City Ward 2 Precinct 1,,,,,,,,,,,,,,,,,,
Medford City Ward 2 Precinct 2,,,,,,,,,,,,,,,,,,
Medford City Ward 3 Precinct 1,,,,,,,,,,,,,,,,,,
Medford City Ward 3 Precinct 2,,,,,,,,,,,,,,,,,,
Medford City Ward 4 Precinct 1,,,,,,,,,,,,,,,,,,
Medford City Ward 4 Precinct 2,,,,,,,,,,,,,,,,,,
Medford City Ward 5 Precinct 1,,,,,,,,,,,,,,,,,,
Medford City Ward 5 Precinct 2,,,,,,,,,,,,,,,,,,
Medford City Ward 6 Precinct 1,,,,,,,,,,,,,,,,,,
Medford City Ward 6 Precinct 2,,,,,,,,,,,,,,,,,,
Medford City Ward 7 Precinct 1,,,,,,,,,,,,,,,,,,
Medford City Ward 7 Precinct 2,,,,,,,,,,,,,,,,,,
Medford City Ward 8 Precinct 1,,,,,,,,,,,,,,,,,,
Medford City Ward 8 Precinct 2,,,,,,,,,,,,,,,,,,
Medway Town Precinct 1,,,,,,,,,,,,,,,,,,
Medway Town Precinct 2,,,,,,,,,,,,,,,,,,
Medway Town Precinct 3,,,,,,,,,,,,,,,,,,
Medway Town Precinct 4,,,,,,,,,,,,,,,,,,
Melrose City Ward 1 Precinct 1,,,,,,,,,,,,,,,,,,
Melrose City Ward 1 Precinct 2,,,,,,,,,,,,,,,,,,
Melrose City Ward 2 Precinct 1,,,,,,,,,,,,,,,,,,
Melrose City Ward 2 Precinct 2,,,,,,,,,,,,,,,,,,
Melrose City Ward 3 Precinct 1,,,,,,,,,,,,,,,,,,
Melrose City Ward 3 Precinct 2,,,,,,,,,,,,,,,,,,
Melrose City Ward 4 Precinct 1,,,,,,,,,,,,,,,,,,
Melrose City Ward 4 Precinct 2,,,,,,,,,,,,,,,,,,
Melrose City Ward 5 Precinct 1,,,,,,,,,,,,,,,,,,
Melrose City Ward 5 Precinct 2,,,,,,,,,,,,,,,,,,
Melrose City Ward 6 Precinct 1,,,,,,,,,,,,,,,,,,
Melrose City Ward 6 Precinct 2,,,,,,,,,,,,,,,,,,
Melrose City Ward 7 Precinct 1,,,,,,,,,,,,,,,,,,
Melrose City Ward 7 Precinct 2,,,,,,,,,,,,,,,,,,
Mendon Town Precinct 1,,,,,,,,,,,,,,,,,,
Merrimac Town Precinct 1,,,,,,,,,,,,,,,,,,
Merrimac Town Precinct 2,,,,,,,,,,,,,,,,,,
Methuen Town Precinct 1,,,,,,,,,,,,,,,,,,
Methuen Town Precinct 10,,,,,,,,,,,,,,,,,,
Methuen Town Precinct 11,,,,,,,,,,,,,,,,,,
Methuen Town Precinct 12,,,,,,,,,,,,,,,,,,
Methuen Town Precinct 2,,,,,,,,,,,,,,,,,,
Methuen Town Precinct 3,,,,,,,,,,,,,,,,,,
Methuen Town Precinct 4,,,,,,,,,,,,,,,,,,
Methuen Town Precinct 5,,,,,,,,,,,,,,,,,,
Methuen Town Precinct 6,,,,,,,,,,,,,,,,,,
Methuen Town Precinct 7,,,,,,,,,,,,,,,,,,
Methuen Town Precinct 8,,,,,,,,,,,,,,,,,,
Methuen Town Precinct 9,,,,,,,,,,,,,,,,,,
Middleborough Town Precinct 1,,,,,,,,,,,,,,,,,,
Middleborough Town Precinct 2,,,,,,,,,,,,,,,,,,
Middleborough Town Precinct 3,,,,,,,,,,,,,,,,,,
Middleborough Town Precinct 4,,,,,,,,,,,,,,,,,,
Middleborough Town Precinct 5,,,,,,,,,,,,,,,,,,
Middleborough Town Precinct 6,,,,,,,,,,,,,,,,,,
Middlefield Town Precinct 1,,,,,,,,,,,,,,,,,,
Middleton Town Precinct 1,,,,,,,,,,,,,,,,,,
Middleton Town Precinct 2,,,,,,,,,,,,,,,,,,
Milford Town Precinct 1,,,,,,,,,,,,,,,,,,
Milford Town Precinct 2,,,,,,,,,,,,,,,,,,
Milford Town Precinct 3,,,,,,,,,,,,,,,,,,
Milford Town Precinct 4,,,,,,,,,,,,,,,,,,
Milford Town Precinct 5,,,,,,,,,,,,,,,,,,
Milford Town Precinct 6,,,,,,,,,,,,,,,,,,
Milford Town Precinct 7,,,,,,,,,,,,,,,,,,
Milford Town Precinct 8,,,,,,,,,,,,,,,,,,
Millbury Town Precinct 1,,,,,,,,,,,,,,,,,,
Millbury Town Precinct 2,,,,,,,,,,,,,,,,,,
Millbury Town Precinct 3,,,,,,,,,,,,,,,,,,
Millbury Town Precinct 4,,,,,,,,,,,,,,,,,,
Millis Town Precinct 1,,,,,,,,,,,,,,,,,,
Millis Town Precinct 2,,,,,,,,,,,,,,,,,,
Millis Town Precinct 3,,,,,,,,,,,,,,,,,,
Millville Town Precinct 1,,,,,,,,,,,,,,,,,,
Milton Town Precinct 3,,,,,,,,,,,,,,,,,,
Milton Town Precinct 4,,,,,,,,,,,,,,,,,,
Milton Town Precinct 6,,,,,,,,,,,,,,,,,,
Milton Town Precinct 7,,,,,,,,,,,,,,,,,,
Milton Town Precinct 8,,,,,,,,,,,,,,,,,,
Milton Town Precinct 9,,,,,,,,,,,,,,,,,,
Monroe Town Precinct 1,,,,,,,,,,,,,,,,,,
Monson Town Precinct A,,,,,,,,,,,,,,,,,,
Monson Town Precinct B,,,,,,,,,,,,,,,,,,
Monson Town Precinct C,,,,,,,,,,,,,,,,,,
Montague Town Precinct 1,,,,,,,,,,,,,,,,,,
Montague Town Precinct 2,,,,,,,,,,,,,,,,,,
Montague Town Precinct 3,,,,,,,,,,,,,,,,,,
Montague Town Precinct 4,,,,,,,,,,,,,,,,,,
Montague Town Precinct 5,,,,,,,,,,,,,,,,,,
Montague Town Precinct 6,,,,,,,,,,,,,,,,,,
Monterey Town Precinct 1,,,,,,,,,,,,,,,,,,
Montgomery Town Precinct 1,,,,,,,,,,,,,,,,,,
Mount Washington Town Precinct 1,,,,,,,,,,,,,,,,,,
Nahant Town Precinct 1,,,,,,,,,,,,,,,,,,
Nantucket Precinct 1,,,,,,,,,,,,,,,,,,
Natick Town Precinct 1,,,,,,,,,,,,,,,,,,
Natick Town Precinct 10,,,,,,,,,,,,,,,,,,
Natick Town Precinct 2,,,,,,,,,,,,,,,,,,
Natick Town Precinct 3,,,,,,,,,,,,,,,,,,
Natick Town Precinct 4,,,,,,,,,,,,,,,,,,
Natick Town Precinct 5,,,,,,,,,,,,,,,,,,
Natick Town Precinct 6,,,,,,,,,,,,,,,,,,
Natick Town Precinct 7,,,,,,,,,,,,,,,,,,
Natick Town Precinct 8,,,,,,,,,,,,,,,,,,
Natick Town Precinct 9,,,,,,,,,,,,,,,,,,
Needham Town Precinct A,,,,,,,,,,,,,,,,,,
Needham Town Precinct B,,,,,,,,,,,,,,,,,,
Needham Town Precinct C,,,,,,,,,,,,,,,,,,
Needham Town Precinct D,,,,,,,,,,,,,,,,,,
Needham Town Precinct E,,,,,,,,,,,,,,,,,,
Needham Town Precinct F,,,,,,,,,,,,,,,,,,
Needham Town Precinct G,,,,,,,,,,,,,,,,,,
Needham Town Precinct H,,,,,,,,,,,,,,,,,,
Needham Town Precinct I,,,,,,,,,,,,,,,,,,
Needham Town Precinct J,,,,,,,,,,,,,,,,,,
New Ashford Town Precinct 1,,,,,,,,,,,,,,,,,,
New Bedford City Ward 1 Precinct A,,,,,,,,,,,,,,,,,,
New Bedford City Ward 1 Precinct B,,,,,,,,,,,,,,,,,,
New Bedford City Ward 1 Precinct C,,,,,,,,,,,,,,,,,,
New Bedford City Ward 1 Precinct D,,,,,,,,,,,,,,,,,,
New Bedford City Ward 1 Precinct E,,,,,,,,,,,,,,,,,,
New Bedford City Ward 1 Precinct F,,,,,,,,,,,,,,,,,,
New Bedford City Ward 2 Precinct A,,,,,,,,,,,,,,,,,,
New Bedford City Ward 2 Precinct B,,,,,,,,,,,,,,,,,,
New Bedford City Ward 2 Precinct C,,,,,,,,,,,,,,,,,,
New Bedford City Ward 2 Precinct D,,,,,,,,,,,,,,,,,,
New Bedford City Ward 2 Precinct E,,,,,,,,,,,,,,,,,,
New Bedford City Ward 2 Precinct F,,,,,,,,,,,,,,,,,,
New Bedford City Ward 3 Precinct A,,,,,,,,,,,,,,,,,,
New Bedford City Ward 3 Precinct B,,,,,,,,,,,,,,,,,,
New Bedford City Ward 3 Precinct C,,,,,,,,,,,,,,,,,,
New Bedford City Ward 3 Precinct D,,,,,,,,,,,,,,,,,,
New Bedford City Ward 3 Precinct E,,,,,,,,,,,,,,,,,,
New Bedford City Ward 3 Precinct F,,,,,,,,,,,,,,,,,,
New Bedford City Ward 4 Precinct A,,,,,,,,,,,,,,,,,,
New Bedford City Ward 4 Precinct B,,,,,,,,,,,,,,,,,,
New Bedford City Ward 4 Precinct C,,,,,,,,,,,,,,,,,,
New Bedford City Ward 4 Precinct D,,,,,,,,,,,,,,,,,,
New Bedford City Ward 4 Precinct E,,,,,,,,,,,,,,,,,,
New Bedford City Ward 4 Precinct F,,,,,,,,,,,,,,,,,,
New Bedford City Ward 5 Precinct A,,,,,,,,,,,,,,,,,,
New Bedford City Ward 5 Precinct B,,,,,,,,,,,,,,,,,,
New Bedford City Ward 5 Precinct C,,,,,,,,,,,,,,,,,,
New Bedford City Ward 5 Precinct D,,,,,,,,,,,,,,,,,,
New Bedford City Ward 5 Precinct E,,,,,,,,,,,,,,,,,,
New Bedford City Ward 5 Precinct F,,,,,,,,,,,,,,,,,,
New Bedford City Ward 6 Precinct A,,,,,,,,,,,,,,,,,,
New Bedford City Ward 6 Precinct B,,,,,,,,,,,,,,,,,,
New Bedford City Ward 6 Precinct C,,,,,,,,,,,,,,,,,,
New Bedford City Ward 6 Precinct D,,,,,,,,,,,,,,,,,,
New Bedford City Ward 6 Precinct E,,,,,,,,,,,,,,,,,,
New Bedford City Ward 6 Precinct F,,,,,,,,,,,,,,,,,,
New Braintree Town Precinct 1,,,,,,,,,,,,,,,,,,
New Marlborough Town Precinct 1,,,,,,,,,,,,,,,,,,
New Salem Town Precinct 1,,,,,,,,,,,,,,,,,,
Newbury Town Precinct 1,,,,,,,,,,,,,,,,,,
Newbury Town Precinct 2,,,,,,,,,,,,,,,,,,
Newburyport City Ward 1 Precinct 1,,,,,,,,,,,,,,,,,,
Newburyport City Ward 2 Precinct 1,,,,,,,,,,,,,,,,,,
Newburyport City Ward 3 Precinct 1,,,,,,,,,,,,,,,,,,
Newburyport City Ward 4 Precinct 1,,,,,,,,,,,,,,,,,,
Newburyport City Ward 5 Precinct 1,,,,,,,,,,,,,,,,,,
Newburyport City Ward 6 Precinct 1,,,,,,,,,,,,,,,,,,
Newton City Ward 1 Precinct 1,,,,,,,,,,,,,,,,,,
Newton City Ward 1 Precinct 2,,,,,,,,,,,,,,,,,,
Newton City Ward 1 Precinct 3,,,,,,,,,,,,,,,,,,
Newton City Ward 1 Precinct 4,,,,,,,,,,,,,,,,,,
Newton City Ward 2 Precinct 1,,,,,,,,,,,,,,,,,,
Newton City Ward 2 Precinct 2,,,,,,,,,,,,,,,,,,
Newton City Ward 2 Precinct 3,,,,,,,,,,,,,,,,,,
Newton City Ward 2 Precinct 4,,,,,,,,,,,,,,,,,,
Newton City Ward 3 Precinct 1,,,,,,,,,,,,,,,,,,
Newton City Ward 3 Precinct 2,,,,,,,,,,,,,,,,,,
Newton City Ward 3 Precinct 3,,,,,,,,,,,,,,,,,,
Newton City Ward 3 Precinct 4,,,,,,,,,,,,,,,,,,
Newton City Ward 4 Precinct 1,,,,,,,,,,,,,,,,,,
Newton City Ward 4 Precinct 2,,,,,,,,,,,,,,,,,,
Newton City Ward 4 Precinct 3,,,,,,,,,,,,,,,,,,
Newton City Ward 4 Precinct 4,,,,,,,,,,,,,,,,,,
Newton City Ward 5 Precinct 1,,,,,,,,,,,,,,,,,,
Newton City Ward 5 Precinct 2,,,,,,,,,,,,,,,,,,
Newton City Ward 5 Precinct 3,,,,,,,,,,,,,,,,,,
Newton City Ward 5 Precinct 4,,,,,,,,,,,,,,,,,,
Newton City Ward 6 Precinct 1,,,,,,,,,,,,,,,,,,
Newton City Ward 6 Precinct 2,,,,,,,,,,,,,,,,,,
Newton City Ward 6 Precinct 3,,,,,,,,,,,,,,,,,,
Newton City Ward 6 Precinct 4,,,,,,,,,,,,,,,,,,
Newton City Ward 7 Precinct 1,,,,,,,,,,,,,,,,,,
Newton City Ward 7 Precinct 2,,,,,,,,,,,,,,,,,,
Newton City Ward 7 Precinct 3,,,,,,,,,,,,,,,,,,
Newton City Ward 7 Precinct 4,,,,,,,,,,,,,,,,,,
Newton City Ward 8 Precinct 1,,,,,,,,,,,,,,,,,,
Newton City Ward 8 Precinct 2,,,,,,,,,,,,,,,,,,
Newton City Ward 8 Precinct 3,,,,,,,,,,,,,,,,,,
Newton City Ward 8 Precinct 4,,,,,,,,,,,,,,,,,,
Norfolk Town Precinct 1,,,,,,,,,,,,,,,,,,
Norfolk Town Precinct 2,,,,,,,,,,,,,,,,,,
Norfolk Town Precinct 3,,,,,,,,,,,,,,,,,,
North Adams City Ward 1 Precinct 1,,,,,,,,,,,,,,,,,,
North Adams City Ward 2 Precinct 2,,,,,,,,,,,,,,,,,,
North Adams City Ward 3 Precinct 3,,,,,,,,,,,,,,,,,,
North Adams City Ward 4 Precinct 4,,,,,,,,,,,,,,,,,,
North Adams City Ward 5 Precinct 5,,,,,,,,,,,,,,,,,,
North Andover Town Precinct 1,,,,,,,,,,,,,,,,,,
North Andover Town Precinct 2,,,,,,,,,,,,,,,,,,
North Andover Town Precinct 3,,,,,,,,,,,,,,,,,,
North Andover Town Precinct 4,,,,,,,,,,,,,,,,,,
North Andover Town Precinct 5,,,,,,,,,,,,,,,,,,
North Andover Town Precinct 6,,,,,,,,,,,,,,,,,,
North Andover Town Precinct 7,,,,,,,,,,,,,,,,,,
North Andover Town Precinct 8,,,,,,,,,,,,,,,,,,
North Attleborough Town Precinct 1,,,,,,,,,,,,,,,,,,
North Attleborough Town Precinct 2,,,,,,,,,,,,,,,,,,
North Attleborough Town Precinct 3,,,,,,,,,,,,,,,,,,
North Attleborough Town Precinct 4,,,,,,,,,,,,,,,,,,
North Attleborough Town Precinct 5,,,,,,,,,,,,,,,,,,
North Attleborough Town Precinct 6,,,,,,,,,,,,,,,,,,
North Attleborough Town Precinct 7,,,,,,,,,,,,,,,,,,
North Attleborough Town Precinct 8,,,,,,,,,,,,,,,,,,
North Attleborough Town Precinct 9,,,,,,,,,,,,,,,,,,
North Brookfield Town Precinct 1,,,,,,,,,,,,,,,,,,
North Reading Town Precinct 1,,,,,,,,,,,,,,,,,,
North Reading Town Precinct 2,,,,,,,,,,,,,,,,,,
North Reading Town Precinct 3,,,,,,,,,,,,,,,,,,
North Reading Town Precinct 4,,,,,,,,,,,,,,,,,,
Northampton City Ward 1 Precinct A,,,,,,,,,,,,,,,,,,
Northampton City Ward 1 Precinct B,,,,,,,,,,,,,,,,,,
Northampton City Ward 2 Precinct A,,,,,,,,,,,,,,,,,,
Northampton City Ward 2 Precinct B,,,,,,,,,,,,,,,,,,
Northampton City Ward 3 Precinct A,,,,,,,,,,,,,,,,,,
Northampton City Ward 3 Precinct B,,,,,,,,,,,,,,,,,,
Northampton City Ward 4 Precinct A,,,,,,,,,,,,,,,,,,
Northampton City Ward 4 Precinct B,,,,,,,,,,,,,,,,,,
Northampton City Ward 5 Precinct A,,,,,,,,,,,,,,,,,,
Northampton City Ward 5 Precinct B,,,,,,,,,,,,,,,,,,
Northampton City Ward 6 Precinct A,,,,,,,,,,,,,,,,,,
Northampton City Ward 6 Precinct B,,,,,,,,,,,,,,,,,,
Northampton City Ward 7 Precinct A,,,,,,,,,,,,,,,,,,
Northampton City Ward 7 Precinct B,,,,,,,,,,,,,,,,,,
Northborough Town Precinct 1,,,,,,,,,,,,,,,,,,
Northborough Town Precinct 2,,,,,,,,,,,,,,,,,,
Northborough Town Precinct 3,,,,,,,,,,,,,,,,,,
Northborough Town Precinct 4,,,,,,,,,,,,,,,,,,
Northbridge Town Precinct 1,,,,,,,,,,,,,,,,,,
Northbridge Town Precinct 2,,,,,,,,,,,,,,,,,,
Northbridge Town Precinct 3,,,,,,,,,,,,,,,,,,
Northbridge Town Precinct 4,,,,,,,,,,,,,,,,,,
Northfield Town Precinct 1,,,,,,,,,,,,,,,,,,
Norton Town Precinct 1,,,,,,,,,,,,,,,,,,
Norton Town Precinct 2,,,,,,,,,,,,,,,,,,
Norton Town Precinct 3,,,,,,,,,,,,,,,,,,
Norton Town Precinct 4,,,,,,,,,,,,,,,,,,
Norton Town Precinct 5,,,,,,,,,,,,,,,,,,
Norwell Town Precinct 1,,,,,,,,,,,,,,,,,,
Norwell Town Precinct 2,,,,,,,,,,,,,,,,,,
Norwell Town Precinct 3,,,,,,,,,,,,,,,,,,
Norwood Town Precinct 1,,,,,,,,,,,,,,,,,,
Norwood Town Precinct 2,,,,,,,,,,,,,,,,,,
Norwood Town Precinct 3,,,,,,,,,,,,,,,,,,
Norwood Town Precinct 4,,,,,,,,,,,,,,,,,,
Norwood Town Precinct 5,,,,,,,,,,,,,,,,,,
Norwood Town Precinct 6,,,,,,,,,,,,,,,,,,
Norwood Town Precinct 7,,,,,,,,,,,,,,,,,,
Norwood Town Precinct 8,,,,,,,,,,,,,,,,,,
Norwood Town Precinct 9,,,,,,,,,,,,,,,,,,
Oak Bluffs Town Precinct 1,,,,,,,,,,,,,,,,,,
Oakham Town Precinct 1,,,,,,,,,,,,,,,,,,
Orange Town Precinct 1,,,,,,,,,,,,,,,,,,
Orange Town Precinct 2,,,,,,,,,,,,,,,,,,
Orleans Town Precinct 1,,,,,,,,,,,,,,,,,,
Otis Town Precinct 1,,,,,,,,,,,,,,,,,,
Oxford Town Precinct 1,,,,,,,,,,,,,,,,,,
Oxford Town Precinct 2,,,,,,,,,,,,,,,,,,
Oxford Town Precinct 3,,,,,,,,,,,,,,,,,,
Oxford Town Precinct 4,,,,,,,,,,,,,,,,,,
Palmer Town Precinct 1,,,,,,,,,,,,,,,,,,
Palmer Town Precinct 2,,,,,,,,,,,,,,,,,,
Palmer Town Precinct 3,,,,,,,,,,,,,,,,,,
Palmer Town Precinct 4,,,,,,,,,,,,,,,,,,
Paxton Town Precinct 1,,,,,,,,,,,,,,,,,,
Peabody City Ward 1 Precinct 1,,,,,,,,,,,,,,,,,,
Peabody City Ward 1 Precinct 2,,,,,,,,,,,,,,,,,,
Peabody City Ward 1 Precinct 3,,,,,,,,,,,,,,,,,,
Peabody City Ward 2 Precinct 1,,,,,,,,,,,,,,,,,,
Peabody City Ward 2 Precinct 2,,,,,,,,,,,,,,,,,,
Peabody City Ward 2 Precinct 3,,,,,,,,,,,,,,,,,,
Peabody City Ward 3 Precinct 1,,,,,,,,,,,,,,,,,,
Peabody City Ward 3 Precinct 2,,,,,,,,,,,,,,,,,,
Peabody City Ward 3 Precinct 3,,,,,,,,,,,,,,,,,,
Peabody City Ward 4 Precinct 1,,,,,,,,,,,,,,,,,,
Peabody City Ward 4 Precinct 2,,,,,,,,,,,,,,,,,,
Peabody City Ward 4 Precinct 3,,,,,,,,,,,,,,,,,,
Peabody City Ward 5 Precinct 1,,,,,,,,,,,,,,,,,,
Peabody City Ward 5 Precinct 2,,,,,,,,,,,,,,,,,,
Peabody City Ward 5 Precinct 3,,,,,,,,,,,,,,,,,,
Peabody City Ward 6 Precinct 1,,,,,,,,,,,,,,,,,,
Peabody City Ward 6 Precinct 2,,,,,,,,,,,,,,,,,,
Peabody City Ward 6 Precinct 3,,,,,,,,,,,,,,,,,,
Pelham Town Precinct 1,,,,,,,,,,,,,,,,,,
Pembroke Town Precinct 1,,,,,,,,,,,,,,,,,,
Pembroke Town Precinct 2,,,,,,,,,,,,,,,,,,
Pembroke Town Precinct 3,,,,,,,,,,,,,,,,,,
Pembroke Town Precinct 4,,,,,,,,,,,,,,,,,,
Pembroke Town Precinct 5,,,,,,,,,,,,,,,,,,
Pepperell Town Precinct 1,,,,,,,,,,,,,,,,,,
Pepperell Town Precinct 2,,,,,,,,,,,,,,,,,,
Pepperell Town Precinct 3,,,,,,,,,,,,,,,,,,
Peru Town Precinct 1,,,,,,,,,,,,,,,,,,
Petersham Town Precinct 1,,,,,,,,,,,,,,,,,,
Phillipston Town Precinct 1,,,,,,,,,,,,,,,,,,
Pittsfield City Ward 1 Precinct A,,,,,,,,,,,,,,,,,,
Pittsfield City Ward 1 Precinct B,,,,,,,,,,,,,,,,,,
Pittsfield City Ward 2 Precinct A,,,,,,,,,,,,,,,,,,
Pittsfield City Ward 2 Precinct B,,,,,,,,,,,,,,,,,,
Pittsfield City Ward 3 Precinct A,,,,,,,,,,,,,,,,,,
Pittsfield City Ward 3 Precinct B,,,,,,,,,,,,,,,,,,
Pittsfield City Ward 4 Precinct A,,,,,,,,,,,,,,,,,,
Pittsfield City Ward 4 Precinct B,,,,,,,,,,,,,,,,,,
Pittsfield City Ward 5 Precinct A,,,,,,,,,,,,,,,,,,
Pittsfield City Ward 5 Precinct B,,,,,,,,,,,,,,,,,,
Pittsfield City Ward 6 Precinct A,,,,,,,,,,,,,,,,,,
Pittsfield City Ward 6 Precinct B,,,,,,,,,,,,,,,,,,
Pittsfield City Ward 7 Precinct A,,,,,,,,,,,,,,,,,,
Pittsfield City Ward 7 Precinct B,,,,,,,,,,,,,,,,,,
Plainfield Town Precinct 1,,,,,,,,,,,,,,,,,,
Plainville Town Precinct 1,,,,,,,,,,,,,,,,,,
Plainville Town Precinct 2,,,,,,,,,,,,,,,,,,
Plainville Town Precinct 3,,,,,,,,,,,,,,,,,,
Plymouth Town Precinct 1,,,,,,,,,,,,,,,,,,
Plymouth Town Precinct 10,,,,,,,,,,,,,,,,,,
Plymouth Town Precinct 11,,,,,,,,,,,,,,,,,,
Plymouth Town Precinct 12,,,,,,,,,,,,,,,,,,
Plymouth Town Precinct 13,,,,,,,,,,,,,,,,,,
Plymouth Town Precinct 14,,,,,,,,,,,,,,,,,,
Plymouth Town Precinct 15,,,,,,,,,,,,,,,,,,
Plymouth Town Precinct 2,,,,,,,,,,,,,,,,,,
Plymouth Town Precinct 3,,,,,,,,,,,,,,,,,,
Plymouth Town Precinct 4,,,,,,,,,,,,,,,,,,
Plymouth Town Precinct 5,,,,,,,,,,,,,,,,,,
Plymouth Town Precinct 6,,,,,,,,,,,,,,,,,,
Plymouth Town Precinct 7,,,,,,,,,,,,,,,,,,
Plymouth Town Precinct 8,,,,,,,,,,,,,,,,,,
Plymouth Town Precinct 9,,,,,,,,,,,,,,,,,,
Plympton Town Precinct 1,,,,,,,,,,,,,,,,,,
Princeton Town Precinct 1,,,,,,,,,,,,,,,,,,
Provincetown Town Precinct 1,,,,,,,,,,,,,,,,,,
Quincy City Ward 1 Precinct 1,,,,,,,,,,,,,,,,,,
Quincy City Ward 1 Precinct 2,,,,,,,,,,,,,,,,,,
Quincy City Ward 1 Precinct 3,,,,,,,,,,,,,,,,,,
Quincy City Ward 1 Precinct 4,,,,,,,,,,,,,,,,,,
Quincy City Ward 1 Precinct 5,,,,,,,,,,,,,,,,,,
Quincy City Ward 2 Precinct 1,,,,,,,,,,,,,,,,,,
Quincy City Ward 2 Precinct 2,,,,,,,,,,,,,,,,,,
Quincy City Ward 2 Precinct 3,,,,,,,,,,,,,,,,,,
Quincy City Ward 2 Precinct 4,,,,,,,,,,,,,,,,,,
Quincy City Ward 2 Precinct 5,,,,,,,,,,,,,,,,,,
Quincy City Ward 3 Precinct 1,,,,,,,,,,,,,,,,,,
Quincy City Ward 3 Precinct 2,,,,,,,,,,,,,,,,,,
Quincy City Ward 3 Precinct 3,,,,,,,,,,,,,,,,,,
Quincy City Ward 3 Precinct 4,,,,,,,,,,,,,,,,,,
Quincy City Ward 3 Precinct 5,,,,,,,,,,,,,,,,,,
Quincy City Ward 4 Precinct 1,,,,,,,,,,,,,,,,,,
Quincy City Ward 4 Precinct 2,,,,,,,,,,,,,,,,,,
Quincy City Ward 4 Precinct 3,,,,,,,,,,,,,,,,,,
Quincy City Ward 4 Precinct 4,,,,,,,,,,,,,,,,,,
Quincy City Ward 4 Precinct 5,,,,,,,,,,,,,,,,,,
Quincy City Ward 5 Precinct 1,,,,,,,,,,,,,,,,,,
Quincy City Ward 5 Precinct 2,,,,,,,,,,,,,,,,,,
Quincy City Ward 5 Precinct 3,,,,,,,,,,,,,,,,,,
Quincy City Ward 5 Precinct 4,,,,,,,,,,,,,,,,,,
Quincy City Ward 5 Precinct 5,,,,,,,,,,,,,,,,,,
Quincy City Ward 6 Precinct 1,,,,,,,,,,,,,,,,,,
Quincy City Ward 6 Precinct 2,,,,,,,,,,,,,,,,,,
Quincy City Ward 6 Precinct 3,,,,,,,,,,,,,,,,,,
Quincy City Ward 6 Precinct 4,,,,,,,,,,,,,,,,,,
Quincy City Ward 6 Precinct 5,,,,,,,,,,,,,,,,,,
Raynham Town Precinct 1,,,,,,,,,,,,,,,,,,
Raynham Town Precinct 2,,,,,,,,,,,,,,,,,,
Raynham Town Precinct 3,,,,,,,,,,,,,,,,,,
Raynham Town Precinct 4,,,,,,,,,,,,,,,,,,
Reading Town Precinct 1,,,,,,,,,,,,,,,,,,
Reading Town Precinct 2,,,,,,,,,,,,,,,,,,
Reading Town Precinct 3,,,,,,,,,,,,,,,,,,
Reading Town Precinct 4,,,,,,,,,,,,,,,,,,
Reading Town Precinct 5,,,,,,,,,,,,,,,,,,
Reading Town Precinct 6,,,,,,,,,,,,,,,,,,
Reading Town Precinct 7,,,,,,,,,,,,,,,,,,
Reading Town Precinct 8,,,,,,,,,,,,,,,,,,
Rehoboth Town Precinct 1,,,,,,,,,,,,,,,,,,
Rehoboth Town Precinct 2,,,,,,,,,,,,,,,,,,
Rehoboth Town Precinct 3,,,,,,,,,,,,,,,,,,
Revere City Ward 1 Precinct 1,,,,,,,,,,,,,,,,,,
Revere City Ward 1 Precinct 2,,,,,,,,,,,,,,,,,,
Revere City Ward 1 Precinct 3,,,,,,,,,,,,,,,,,,
Revere City Ward 2 Precinct 1,,,,,,,,,,,,,,,,,,
Revere City Ward 2 Precinct 2,,,,,,,,,,,,,,,,,,
Revere City Ward 2 Precinct 3,,,,,,,,,,,,,,,,,,
Revere City Ward 3 Precinct 1,,,,,,,,,,,,,,,,,,
Revere City Ward 3 Precinct 2,,,,,,,,,,,,,,,,,,
Revere City Ward 3 Precinct 3,,,,,,,,,,,,,,,,,,
Revere City Ward 4 Precinct 1,,,,,,,,,,,,,,,,,,
Revere City Ward 4 Precinct 2,,,,,,,,,,,,,,,,,,
Revere City Ward 4 Precinct 3,,,,,,,,,,,,,,,,,,
Revere City Ward 5 Precinct 1,,,,,,,,,,,,,,,,,,
Revere City Ward 5 Precinct 2,,,,,,,,,,,,,,,,,,
Revere City Ward 5 Precinct 3,,,,,,,,,,,,,,,,,,
Revere City Ward 6 Precinct 1,,,,,,,,,,,,,,,,,,
Revere City Ward 6 Precinct 2,,,,,,,,,,,,,,,,,,
Revere City Ward 6 Precinct 3,,,,,,,,,,,,,,,,,,
Richmond Town Precinct 1,,,,,,,,,,,,,,,,,,
Rochester Town Precinct 1,,,,,,,,,,,,,,,,,,
Rockland Town Precinct 1,,,,,,,,,,,,,,,,,,
Rockland Town Precinct 2,,,,,,,,,,,,,,,,,,
Rockland Town Precinct 3,,,,,,,,,,,,,,,,,,
Rockland Town Precinct 4,,,,,,,,,,,,,,,,,,
Rockland Town Precinct 5,,,,,,,,,,,,,,,,,,
Rockland Town Precinct 6,,,,,,,,,,,,,,,,,,
Rockport Precinct 1,,,,,,,,,,,,,,,,,,
Rockport Precinct 2,,,,,,,,,,,,,,,,,,
Rockport Precinct 3,,,,,,,,,,,,,,,,,,
Rowe Town Precinct 1,,,,,,,,,,,,,,,,,,
Rowley Town Precinct 1,,,,,,,,,,,,,,,,,,
Royalston Town Precinct 1,,,,,,,,,,,,,,,,,,
Royalston Town Precinct 2,,,,,,,,,,,,,,,,,,
Russell Town Precinct 1,,,,,,,,,,,,,,,,,,
Rutland Town Precinct 1,,,,,,,,,,,,,,,,,,
Rutland Town Precinct 2,,,,,,,,,,,,,,,,,,
Rutland Town Precinct 3,,,,,,,,,,,,,,,,,,
Salem City Ward 1 Precinct 1,,,,,,,,,,,,,,,,,,
Salem City Ward 1 Precinct 2,,,,,,,,,,,,,,,,,,
Salem City Ward 2 Precinct 1,,,,,,,,,,,,,,,,,,
Salem City Ward 2 Precinct 2,,,,,,,,,,,,,,,,,,
Salem City Ward 3 Precinct 1,,,,,,,,,,,,,,,,,,
Salem City Ward 3 Precinct 2,,,,,,,,,,,,,,,,,,
Salem City Ward 4 Precinct 1,,,,,,,,,,,,,,,,,,
Salem City Ward 4 Precinct 2,,,,,,,,,,,,,,,,,,
Salem City Ward 5 Precinct 1,,,,,,,,,,,,,,,,,,
Salem City Ward 5 Precinct 2,,,,,,,,,,,,,,,,,,
Salem City Ward 6 Precinct 1,,,,,,,,,,,,,,,,,,
Salem City Ward 6 Precinct 2,,,,,,,,,,,,,,,,,,
Salem City Ward 7 Precinct 1,,,,,,,,,,,,,,,,,,
Salem City Ward 7 Precinct 2,,,,,,,,,,,,,,,,,,
Salisbury Town Precinct 1,,,,,,,,,,,,,,,,,,
Salisbury Town Precinct 2,,,,,,,,,,,,,,,,,,
Salisbury Town Precinct 3,,,,,,,,,,,,,,,,,,
Sandisfield Town Precinct 1,,,,,,,,,,,,,,,,,,
Sandwich Town Precinct 1,,,,,,,,,,,,,,,,,,
Sandwich Town Precinct 2,,,,,,,,,,,,,,,,,,
Sandwich Town Precinct 3,,,,,,,,,,,,,,,,,,
Sandwich Town Precinct 4,,,,,,,,,,,,,,,,,,
Sandwich Town Precinct 5,,,,,,,,,,,,,,,,,,
Sandwich Town Precinct 6,,,,,,,,,,,,,,,,,,
Saugus Town Precinct 1,,,,,,,,,,,,,,,,,,
Saugus Town Precinct 10,,,,,,,,,,,,,,,,,,
Saugus Town Precinct 2,,,,,,,,,,,,,,,,,,
Saugus Town Precinct 3,,,,,,,,,,,,,,,,,,
Saugus Town Precinct 4,,,,,,,,,,,,,,,,,,
Saugus Town Precinct 5,,,,,,,,,,,,,,,,,,
Saugus Town Precinct 6,,,,,,,,,,,,,,,,,,
Saugus Town Precinct 7,,,,,,,,,,,,,,,,,,
Saugus Town Precinct 8,,,,,,,,,,,,,,,,,,
Saugus Town Precinct 9,,,,,,,,,,,,,,,,,,
Savoy Town Precinct 1,,,,,,,,,,,,,,,,,,
Scituate Town Precinct 1,,,,,,,,,,,,,,,,,,
Scituate Town Precinct 2,,,,,,,,,,,,,,,,,,
Scituate Town Precinct 3,,,,,,,,,,,,,,,,,,
Scituate Town Precinct 4,,,,,,,,,,,,,,,,,,
Scituate Town Precinct 5,,,,,,,,,,,,,,,,,,
Scituate Town Precinct 6,,,,,,,,,,,,,,,,,,
Seekonk Town Precinct 1,,,,,,,,,,,,,,,,,,
Seekonk Town Precinct 2,,,,,,,,,,,,,,,,,,
Seekonk Town Precinct 3,,,,,,,,,,,,,,,,,,
Seekonk Town Precinct 4,,,,,,,,,,,,,,,,,,
Sharon Town Precinct 1,,,,,,,,,,,,,,,,,,
Sharon Town Precinct 2,,,,,,,,,,,,,,,,,,
Sharon Town Precinct 3,,,,,,,,,,,,,,,,,,
Sharon Town Precinct 4,,,,,,,,,,,,,,,,,,
Sharon Town Precinct 5,,,,,,,,,,,,,,,,,,
Sheffield Town Precinct 1,,,,,,,,,,,,,,,,,,
Shelburne Town Precinct 1,,,,,,,,,,,,,,,,,,
Sherborn Town Precinct 1,,,,,,,,,,,,,,,,,,
Shirley Town Precinct 1,,,,,,,,,,,,,,,,,,
Shrewsbury Town Precinct 1,,,,,,,,,,,,,,,,,,
Shrewsbury Town Precinct 10,,,,,,,,,,,,,,,,,,
Shrewsbury Town Precinct 2,,,,,,,,,,,,,,,,,,
Shrewsbury Town Precinct 3,,,,,,,,,,,,,,,,,,
Shrewsbury Town Precinct 4,,,,,,,,,,,,,,,,,,
Shrewsbury Town Precinct 5,,,,,,,,,,,,,,,,,,
Shrewsbury Town Precinct 6,,,,,,,,,,,,,,,,,,
Shrewsbury Town Precinct 7,,,,,,,,,,,,,,,,,,
Shrewsbury Town Precinct 8,,,,,,,,,,,,,,,,,,
Shrewsbury Town Precinct 9,,,,,,,,,,,,,,,,,,
Shutesbury Town Precinct 1,,,,,,,,,,,,,,,,,,
Somerset Town Precinct 1,,,,,,,,,,,,,,,,,,
Somerset Town Precinct 2,,,,,,,,,,,,,,,,,,
Somerset Town Precinct 3,,,,,,,,,,,,,,,,,,
Somerset Town Precinct 4,,,,,,,,,,,,,,,,,,
Somerset Town Precinct 5,,,,,,,,,,,,,,,,,,
South Hadley Town Precinct A,,,,,,,,,,,,,,,,,,
South Hadley Town Precinct B,,,,,,,,,,,,,,,,,,
South Hadley Town Precinct C,,,,,,,,,,,,,,,,,,
South Hadley Town Precinct D,,,,,,,,,,,,,,,,,,
South Hadley Town Precinct E,,,,,,,,,,,,,,,,,,
Southampton Town Precinct 1,,,,,,,,,,,,,,,,,,
Southborough Town Precinct 1,,,,,,,,,,,,,,,,,,
Southborough Town Precinct 2,,,,,,,,,,,,,,,,,,
Southborough Town Precinct 3,,,,,,,,,,,,,,,,,,
Southbridge Town Precinct 1,,,,,,,,,,,,,,,,,,
Southbridge Town Precinct 2,,,,,,,,,,,,,,,,,,
Southbridge Town Precinct 3,,,,,,,,,,,,,,,,,,
Southbridge Town Precinct 4,,,,,,,,,,,,,,,,,,
Southbridge Town Precinct 5,,,,,,,,,,,,,,,,,,
Southwick Town Precinct 1,,,,,,,,,,,,,,,,,,
Southwick Town Precinct 2,,,,,,,,,,,,,,,,,,
Southwick Town Precinct 3,,,,,,,,,,,,,,,,,,
Spencer Town Precinct 1,,,,,,,,,,,,,,,,,,
Spencer Town Precinct 2,,,,,,,,,,,,,,,,,,
Spencer Town Precinct 3,,,,,,,,,,,,,,,,,,
Spencer Town Precinct 4,,,,,,,,,,,,,,,,,,
Springfield City Ward 1 Precinct A,,,,,,,,,,,,,,,,,,
Springfield City Ward 1 Precinct B,,,,,,,,,,,,,,,,,,
Springfield City Ward 1 Precinct C,,,,,,,,,,,,,,,,,,
Springfield City Ward 1 Precinct D,,,,,,,,,,,,,,,,,,
Springfield City Ward 1 Precinct E,,,,,,,,,,,,,,,,,,
Springfield City Ward 1 Precinct F,,,,,,,,,,,,,,,,,,
Springfield City Ward 1 Precinct G,,,,,,,,,,,,,,,,,,
Springfield City Ward 1 Precinct H,,,,,,,,,,,,,,,,,,
Springfield City Ward 2 Precinct A,,,,,,,,,,,,,,,,,,
Springfield City Ward 2 Precinct B,,,,,,,,,,,,,,,,,,
Springfield City Ward 2 Precinct C,,,,,,,,,,,,,,,,,,
Springfield City Ward 2 Precinct D,,,,,,,,,,,,,,,,,,
Springfield City Ward 2 Precinct E,,,,,,,,,,,,,,,,,,
Springfield City Ward 2 Precinct F,,,,,,,,,,,,,,,,,,
Springfield City Ward 2 Precinct G,,,,,,,,,,,,,,,,,,
Springfield City Ward 2 Precinct H,,,,,,,,,,,,,,,,,,
Springfield City Ward 3 Precinct A,,,,,,,,,,,,,,,,,,
Springfield City Ward 3 Precinct B,,,,,,,,,,,,,,,,,,
Springfield City Ward 3 Precinct C,,,,,,,,,,,,,,,,,,
Springfield City Ward 3 Precinct D,,,,,,,,,,,,,,,,,,
Springfield City Ward 3 Precinct E,,,,,,,,,,,,,,,,,,
Springfield City Ward 3 Precinct F,,,,,,,,,,,,,,,,,,
Springfield City Ward 3 Precinct G,,,,,,,,,,,,,,,,,,
Springfield City Ward 3 Precinct H,,,,,,,,,,,,,,,,,,
Springfield City Ward 4 Precinct A,,,,,,,,,,,,,,,,,,
Springfield City Ward 4 Precinct B,,,,,,,,,,,,,,,,,,
Springfield City Ward 4 Precinct C,,,,,,,,,,,,,,,,,,
Springfield City Ward 4 Precinct D,,,,,,,,,,,,,,,,,,
Springfield City Ward 4 Precinct E,,,,,,,,,,,,,,,,,,
Springfield City Ward 4 Precinct F,,,,,,,,,,,,,,,,,,
Springfield City Ward 4 Precinct G,,,,,,,,,,,,,,,,,,
Springfield City Ward 4 Precinct H,,,,,,,,,,,,,,,,,,
Springfield City Ward 5 Precinct A,,,,,,,,,,,,,,,,,,
Springfield City Ward 5 Precinct B,,,,,,,,,,,,,,,,,,
Springfield City Ward 5 Precinct C,,,,,,,,,,,,,,,,,,
Springfield City Ward 5 Precinct D,,,,,,,,,,,,,,,,,,
Springfield City Ward 5 Precinct E,,,,,,,,,,,,,,,,,,
Springfield City Ward 5 Precinct F,,,,,,,,,,,,,,,,,,
Springfield City Ward 5 Precinct G,,,,,,,,,,,,,,,,,,
Springfield City Ward 5 Precinct H,,,,,,,,,,,,,,,,,,
Springfield City Ward 6 Precinct A,,,,,,,,,,,,,,,,,,
Springfield City Ward 6 Precinct B,,,,,,,,,,,,,,,,,,
Springfield City Ward 6 Precinct C,,,,,,,,,,,,,,,,,,
Springfield City Ward 6 Precinct D,,,,,,,,,,,,,,,,,,
Springfield City Ward 6 Precinct E,,,,,,,,,,,,,,,,,,
Springfield City Ward 6 Precinct F,,,,,,,,,,,,,,,,,,
Springfield City Ward 6 Precinct G,,,,,,,,,,,,,,,,,,
Springfield City Ward 6 Precinct H,,,,,,,,,,,,,,,,,,
Springfield City Ward 7 Precinct A,,,,,,,,,,,,,,,,,,
Springfield City Ward 7 Precinct B,,,,,,,,,,,,,,,,,,
Springfield City Ward 7 Precinct C,,,,,,,,,,,,,,,,,,
Springfield City Ward 7 Precinct D,,,,,,,,,,,,,,,,,,
Springfield City Ward 7 Precinct E,,,,,,,,,,,,,,,,,,
Springfield City Ward 7 Precinct F,,,,,,,,,,,,,,,,,,
Springfield City Ward 7 Precinct G,,,,,,,,,,,,,,,,,,
Springfield City Ward 7 Precinct H,,,,,,,,,,,,,,,,,,
Springfield City Ward 8 Precinct A,,,,,,,,,,,,,,,,,,
Springfield City Ward 8 Precinct B,,,,,,,,,,,,,,,,,,
Springfield City Ward 8 Precinct C,,,,,,,,,,,,,,,,,,
Springfield City Ward 8 Precinct D,,,,,,,,,,,,,,,,,,
Springfield City Ward 8 Precinct E,,,,,,,,,,,,,,,,,,
Springfield City Ward 8 Precinct F,,,,,,,,,,,,,,,,,,
Springfield City Ward 8 Precinct G,,,,,,,,,,,,,,,,,,
Springfield City Ward 8 Precinct H,,,,,,,,,,,,,,,,,,
Sterling Town Precinct 1,,,,,,,,,,,,,,,,,,
Sterling Town Precinct 2,,,,,,,,,,,,,,,,,,
Stockbridge Town Precinct 1,,,,,,,,,,,,,,,,,,
Stoneham Town Precinct 1,,,,,,,,,,,,,,,,,,
Stoneham Town Precinct 2,,,,,,,,,,,,,,,,,,
Stoneham Town Precinct 3,,,,,,,,,,,,,,,,,,
Stoneham Town Precinct 4,,,,,,,,,,,,,,,,,,
Stoneham Town Precinct 5,,,,,,,,,,,,,,,,,,
Stoneham Town Precinct 6,,,,,,,,,,,,,,,,,,
Stoneham Town Precinct 7,,,,,,,,,,,,,,,,,,
Stoughton Town Precinct 1,,,,,,,,,,,,,,,,,,
Stoughton Town Precinct 2,,,,,,,,,,,,,,,,,,
Stoughton Town Precinct 3,,,,,,,,,,,,,,,,,,
Stoughton Town Precinct 4,,,,,,,,,,,,,,,,,,
Stoughton Town Precinct 5,,,,,,,,,,,,,,,,,,
Stoughton Town Precinct 6,,,,,,,,,,,,,,,,,,
Stoughton Town Precinct 7,,,,,,,,,,,,,,,,,,
Stoughton Town Precinct 8,,,,,,,,,,,,,,,,,,
Stow Town Precinct 1,,,,,,,,,,,,,,,,,,
Stow Town Precinct 2,,,,,,,,,,,,,,,,,,
Sturbridge Town Precinct 1,,,,,,,,,,,,,,,,,,
Sturbridge Town Precinct 2,,,,,,,,,,,,,,,,,,
Sturbridge Town Precinct 3,,,,,,,,,,,,,,,,,,
Sudbury Town Precinct 1,,,,,,,,,,,,,,,,,,
Sudbury Town Precinct 2,,,,,,,,,,,,,,,,,,
Sudbury Town Precinct 3,,,,,,,,,,,,,,,,,,
Sudbury Town Precinct 4,,,,,,,,,,,,,,,,,,
Sudbury Town Precinct 5,,,,,,,,,,,,,,,,,,
Sunderland Town Precinct 1,,,,,,,,,,,,,,,,,,
Sutton Town Precinct 1,,,,,,,,,,,,,,,,,,
Sutton Town Precinct 2,,,,,,,,,,,,,,,,,,
Sutton Town Precinct 3,,,,,,,,,,,,,,,,,,
Swampscott Town Precinct 1,,,,,,,,,,,,,,,,,,
Swampscott Town Precinct 2,,,,,,,,,,,,,,,,,,
Swampscott Town Precinct 3,,,,,,,,,,,,,,,,,,
Swampscott Town Precinct 4,,,,,,,,,,,,,,,,,,
Swampscott Town Precinct 5,,,,,,,,,,,,,,,,,,
Swampscott Town Precinct 6,,,,,,,,,,,,,,,,,,
Swansea Town Precinct 1,,,,,,,,,,,,,,,,,,
Swansea Town Precinct 2,,,,,,,,,,,,,,,,,,
Swansea Town Precinct 3,,,,,,,,,,,,,,,,,,
Swansea Town Precinct 4,,,,,,,,,,,,,,,,,,
Swansea Town Precinct 5,,,,,,,,,,,,,,,,,,
Taunton City Ward 1 Precinct A,,,,,,,,,,,,,,,,,,
Taunton City Ward 1 Precinct B,,,,,,,,,,,,,,,,,,
Taunton City Ward 2 Precinct A,,,,,,,,,,,,,,,,,,
Taunton City Ward 2 Precinct B,,,,,,,,,,,,,,,,,,
Taunton City Ward 3 Precinct A,,,,,,,,,,,,,,,,,,
Taunton City Ward 3 Precinct B,,,,,,,,,,,,,,,,,,
Taunton City Ward 4 Precinct A,,,,,,,,,,,,,,,,,,
Taunton City Ward 4 Precinct B,,,,,,,,,,,,,,,,,,
Taunton City Ward 5 Precinct A,,,,,,,,,,,,,,,,,,
Taunton City Ward 5 Precinct B,,,,,,,,,,,,,,,,,,
Taunton City Ward 6 Precinct A,,,,,,,,,,,,,,,,,,
Taunton City Ward 6 Precinct B,,,,,,,,,,,,,,,,,,
Taunton City Ward 7 Precinct A,,,,,,,,,,,,,,,,,,
Taunton City Ward 7 Precinct B,,,,,,,,,,,,,,,,,,
Taunton City Ward 8 Precinct A,,,,,,,,,,,,,,,,,,
Taunton City Ward 8 Precinct B,,,,,,,,,,,,,,,,,,
Templeton Town Precinct A,,,,,,,,,,,,,,,,,,
Templeton Town Precinct B,,,,,,,,,,,,,,,,,,
Templeton Town Precinct C,,,,,,,,,,,,,,,,,,
Tewksbury Town Precinct 1,,,,,,,,,,,,,,,,,,
Tewksbury Town Precinct 2,,,,,,,,,,,,,,,,,,
Tewksbury Town Precinct 3,,,,,,,,,,,,,,,,,,
Tewksbury Town Precinct 4,,,,,,,,,,,,,,,,,,
Tisbury Town Precinct 1,,,,,,,,,,,,,,,,,,
Tolland Town Precinct 1,,,,,,,,,,,,,,,,,,
Topsfield Town Precinct 1,,,,,,,,,,,,,,,,,,
Townsend Town Precinct 1,,,,,,,,,,,,,,,,,,
Townsend Town Precinct 2,,,,,,,,,,,,,,,,,,
Townsend Town Precinct 3,,,,,,,,,,,,,,,,,,
Truro Town Precinct 1,,,,,,,,,,,,,,,,,,
Tyngsborough Town Precinct 1,,,,,,,,,,,,,,,,,,
Tyngsborough Town Precinct 2,,,,,,,,,,,,,,,,,,
Tyngsborough Town Precinct 3,,,,,,,,,,,,,,,,,,
Tyngsborough Town Precinct 4,,,,,,,,,,,,,,,,,,
Tyringham Town Precinct 1,,,,,,,,,,,,,,,,,,
Upton Town Precinct 1,,,,,,,,,,,,,,,,,,
Upton Town Precinct 2,,,,,,,,,,,,,,,,,,
Uxbridge Town Precinct 1,,,,,,,,,,,,,,,,,,
Uxbridge Town Precinct 2,,,,,,,,,,,,,,,,,,
Uxbridge Town Precinct 3,,,,,,,,,,,,,,,,,,
Uxbridge Town Precinct 4,,,,,,,,,,,,,,,,,,
Wakefield Town Precinct 1,,,,,,,,,,,,,,,,,,
Wakefield Town Precinct 2,,,,,,,,,,,,,,,,,,
Wakefield Town Precinct 3,,,,,,,,,,,,,,,,,,
Wakefield Town Precinct 4,,,,,,,,,,,,,,,,,,
Wakefield Town Precinct 5,,,,,,,,,,,,,,,,,,
Wakefield Town Precinct 6,,,,,,,,,,,,,,,,,,
Wakefield Town Precinct 7,,,,,,,,,,,,,,,,,,
Wales Town Precinct 1,,,,,,,,,,,,,,,,,,
Walpole Town Precinct 1,,,,,,,,,,,,,,,,,,
Walpole Town Precinct 2,,,,,,,,,,,,,,,,,,
Walpole Town Precinct 3,,,,,,,,,,,,,,,,,,
Walpole Town Precinct 4,,,,,,,,,,,,,,,,,,
Walpole Town Precinct 5,,,,,,,,,,,,,,,,,,
Walpole Town Precinct 6,,,,,,,,,,,,,,,,,,
Walpole Town Precinct 7,,,,,,,,,,,,,,,,,,
Walpole Town Precinct 8,,,,,,,,,,,,,,,,,,
Waltham City Ward 1 Precinct 1,,,,,,,,,,,,,,,,,,
Waltham City Ward 1 Precinct 2,,,,,,,,,,,,,,,,,,
Waltham City Ward 2 Precinct 1,,,,,,,,,,,,,,,,,,
Waltham City Ward 2 Precinct 2,,,,,,,,,,,,,,,,,,
Waltham City Ward 3 Precinct 1,,,,,,,,,,,,,,,,,,
Waltham City Ward 3 Precinct 2,,,,,,,,,,,,,,,,,,
Waltham City Ward 4 Precinct 1,,,,,,,,,,,,,,,,,,
Waltham City Ward 4 Precinct 2,,,,,,,,,,,,,,,,,,
Waltham City Ward 5 Precinct 1,,,,,,,,,,,,,,,,,,
Waltham City Ward 5 Precinct 2,,,,,,,,,,,,,,,,,,
Waltham City Ward 6 Precinct 1,,,,,,,,,,,,,,,,,,
Waltham City Ward 6 Precinct 2,,,,,,,,,,,,,,,,,,
Waltham City Ward 7 Precinct 1,,,,,,,,,,,,,,,,,,
Waltham City Ward 7 Precinct 2,,,,,,,,,,,,,,,,,,
Waltham City Ward 8 Precinct 1,,,,,,,,,,,,,,,,,,
Waltham City Ward 8 Precinct 2,,,,,,,,,,,,,,,,,,
Waltham City Ward 9 Precinct 1,,,,,,,,,,,,,,,,,,
Waltham City Ward 9 Precinct 2,,,,,,,,,,,,,,,,,,
Ware Town Precinct A,,,,,,,,,,,,,,,,,,
Ware Town Precinct B,,,,,,,,,,,,,,,,,,
Ware Town Precinct C,,,,,,,,,,,,,,,,,,
Wareham Town Precinct 1,,,,,,,,,,,,,,,,,,
Wareham Town Precinct 2,,,,,,,,,,,,,,,,,,
Wareham Town Precinct 3,,,,,,,,,,,,,,,,,,
Wareham Town Precinct 4,,,,,,,,,,,,,,,,,,
Wareham Town Precinct 5,,,,,,,,,,,,,,,,,,
Wareham Town Precinct 6,,,,,,,,,,,,,,,,,,
Warren Town Precinct A,,,,,,,,,,,,,,,,,,
Warwick Town Precinct 1,,,,,,,,,,,,,,,,,,
Washington Town Precinct 1,,,,,,,,,,,,,,,,,,
Watertown Town Precinct 1,,,,,,,,,,,,,,,,,,
Watertown Town Precinct 10,,,,,,,,,,,,,,,,,,
Watertown Town Precinct 11,,,,,,,,,,,,,,,,,,
Watertown Town Precinct 12,,,,,,,,,,,,,,,,,,
Watertown Town Precinct 2,,,,,,,,,,,,,,,,,,
Watertown Town Precinct 3,,,,,,,,,,,,,,,,,,
Watertown Town Precinct 4,,,,,,,,,,,,,,,,,,
Watertown Town Precinct 5,,,,,,,,,,,,,,,,,,
Watertown Town Precinct 6,,,,,,,,,,,,,,,,,,
Watertown Town Precinct 7,,,,,,,,,,,,,,,,,,
Watertown Town Precinct 8,,,,,,,,,,,,,,,,,,
Watertown Town Precinct 9,,,,,,,,,,,,,,,,,,
Wayland Town Precinct 1,,,,,,,,,,,,,,,,,,
Wayland Town Precinct 2,,,,,,,,,,,,,,,,,,
Wayland Town Precinct 3,,,,,,,,,,,,,,,,,,
Wayland Town Precinct 4,,,,,,,,,,,,,,,,,,
Webster Town Precinct 1,,,,,,,,,,,,,,,,,,
Webster Town Precinct 2,,,,,,,,,,,,,,,,,,
Webster Town Precinct 3,,,,,,,,,,,,,,,,,,
Webster Town Precinct 4,,,,,,,,,,,,,,,,,,
Webster Town Precinct 5,,,,,,,,,,,,,,,,,,
Wellesley Town Precinct A,,,,,,,,,,,,,,,,,,
Wellesley Town Precinct B,,,,,,,,,,,,,,,,,,
Wellesley Town Precinct C,,,,,,,,,,,,,,,,,,
Wellesley Town Precinct D,,,,,,,,,,,,,,,,,,
Wellesley Town Precinct E,,,,,,,,,,,,,,,,,,
Wellesley Town Precinct F,,,,,,,,,,,,,,,,,,
Wellesley Town Precinct G,,,,,,,,,,,,,,,,,,
Wellesley Town Precinct H,,,,,,,,,,,,,,,,,,
Wellfleet Town Precinct 1,,,,,,,,,,,,,,,,,,
Wendell Town Precinct 1,,,,,,,,,,,,,,,,,,
Wenham Town Precinct 1,,,,,,,,,,,,,,,,,,
West Boylston Town Precinct 1,,,,,,,,,,,,,,,,,,
West Boylston Town Precinct 2,,,,,,,,,,,,,,,,,,
West Bridgewater Town Precinct 1,,,,,,,,,,,,,,,,,,
West Bridgewater Town Precinct 2,,,,,,,,,,,,,,,,,,
West Brookfield Town Precinct 1,,,,,,,,,,,,,,,,,,
West Newbury Town Precinct 1,,,,,,,,,,,,,,,,,,
West Springfield Town Precinct 1,,,,,,,,,,,,,,,,,,
West Springfield Town Precinct 2,,,,,,,,,,,,,,,,,,
West Springfield Town Precinct 3,,,,,,,,,,,,,,,,,,
West Springfield Town Precinct 4,,,,,,,,,,,,,,,,,,
West Springfield Town Precinct 5,,,,,,,,,,,,,,,,,,
West Springfield Town Precinct 6,,,,,,,,,,,,,,,,,,
West Springfield Town Precinct 7,,,,,,,,,,,,,,,,,,
West Springfield Town Precinct 8,,,,,,,,,,,,,,,,,,
West Stockbridge Town Precinct 1,,,,,,,,,,,,,,,,,,
West Tisbury Town Precinct 1,,,,,,,,,,,,,,,,,,
Westborough Town Precinct 1,,,,,,,,,,,,,,,,,,
Westborough Town Precinct 2,,,,,,,,,,,,,,,,,,
Westborough Town Precinct 3,,,,,,,,,,,,,,,,,,
Westborough Town Precinct 4,,,,,,,,,,,,,,,,,,
Westborough Town Precinct 5,,,,,,,,,,,,,,,,,,
Westfield City Ward 1 Precinct A,,,,,,,,,,,,,,,,,,
Westfield City Ward 1 Precinct B,,,,,,,,,,,,,,,,,,
Westfield City Ward 2 Precinct A,,,,,,,,,,,,,,,,,,
Westfield City Ward 2 Precinct B,,,,,,,,,,,,,,,,,,
Westfield City Ward 3 Precinct A,,,,,,,,,,,,,,,,,,
Westfield City Ward 3 Precinct B,,,,,,,,,,,,,,,,,,
Westfield City Ward 4 Precinct A,,,,,,,,,,,,,,,,,,
Westfield City Ward 4 Precinct B,,,,,,,,,,,,,,,,,,
Westfield City Ward 5 Precinct A,,,,,,,,,,,,,,,,,,
Westfield City Ward 5 Precinct B,,,,,,,,,,,,,,,,,,
Westfield City Ward 6 Precinct A,,,,,,,,,,,,,,,,,,
Westfield City Ward 6 Precinct B,,,,,,,,,,,,,,,,,,
Westford Town Precinct 1,,,,,,,,,,,,,,,,,,
Westford Town Precinct 2,,,,,,,,,,,,,,,,,,
Westford Town Precinct 3,,,,,,,,,,,,,,,,,,
Westford Town Precinct 4,,,,,,,,,,,,,,,,,,
Westford Town Precinct 5,,,,,,,,,,,,,,,,,,
Westford Town Precinct 6,,,,,,,,,,,,,,,,,,
Westhampton Town Precinct 1,,,,,,,,,,,,,,,,,,
Westminster Town Precinct 1,,,,,,,,,,,,,,,,,,
Westminster Town Precinct 2,,,,,,,,,,,,,,,,,,
Weston Town Precinct 1,,,,,,,,,,,,,,,,,,
Weston Town Precinct 2,,,,,,,,,,,,,,,,,,
Weston Town Precinct 3,,,,,,,,,,,,,,,,,,
Weston Town Precinct 4,,,,,,,,,,,,,,,,,,
Westport Town Precinct A,,,,,,,,,,,,,,,,,,
Westport Town Precinct B,,,,,,,,,,,,,,,,,,
Westport Town Precinct C,,,,,,,,,,,,,,,,,,
Westport Town Precinct D,,,,,,,,,,,,,,,,,,
Westport Town Precinct E,,,,,,,,,,,,,,,,,,
Westwood Town Precinct 1,,,,,,,,,,,,,,,,,,
WestwoodTown Precinct 2,,,,,,,,,,,,,,,,,,
Westwood Town Precinct 3,,,,,,,,,,,,,,,,,,
Westwood Town Precinct 4,,,,,,,,,,,,,,,,,,
Weymouth Town Precinct 1,,,,,,,,,,,,,,,,,,
Weymouth Town Precinct 10,,,,,,,,,,,,,,,,,,
Weymouth Town Precinct 11,,,,,,,,,,,,,,,,,,
Weymouth Town Precinct 12,,,,,,,,,,,,,,,,,,
Weymouth Town Precinct 13,,,,,,,,,,,,,,,,,,
Weymouth Town Precinct 14,,,,,,,,,,,,,,,,,,
Weymouth Town Precinct 15,,,,,,,,,,,,,,,,,,
Weymouth Town Precinct 16,,,,,,,,,,,,,,,,,,
Weymouth Town Precinct 17,,,,,,,,,,,,,,,,,,
Weymouth Town Precinct 18,,,,,,,,,,,,,,,,,,
Weymouth Town Precinct 2,,,,,,,,,,,,,,,,,,
Weymouth Town Precinct 3,,,,,,,,,,,,,,,,,,
Weymouth Town Precinct 4,,,,,,,,,,,,,,,,,,
Weymouth Town Precinct 5,,,,,,,,,,,,,,,,,,
Weymouth Town Precinct 6,,,,,,,,,,,,,,,,,,
Weymouth Town Precinct 7,,,,,,,,,,,,,,,,,,
Weymouth Town Precinct 8,,,,,,,,,,,,,,,,,,
Weymouth Town Precinct 9,,,,,,,,,,,,,,,,,,
Whately Town Precinct 1,,,,,,,,,,,,,,,,,,
Whitman Town Precinct 1,,,,,,,,,,,,,,,,,,
Whitman Town Precinct 2,,,,,,,,,,,,,,,,,,
Whitman Town Precinct 3,,,,,,,,,,,,,,,,,,
Whitman Town Precinct 4,,,,,,,,,,,,,,,,,,
Wilbraham Town Precinct A,,,,,,,,,,,,,,,,,,
Wilbraham Town Precinct B,,,,,,,,,,,,,,,,,,
Wilbraham Town Precinct C,,,,,,,,,,,,,,,,,,
Wilbraham Town Precinct D,,,,,,,,,,,,,,,,,,
Williamsburg Town Precinct 1,,,,,,,,,,,,,,,,,,
Williamstown Town Precinct 1,,,,,,,,,,,,,,,,,,
Williamstown Town Precinct 2,,,,,,,,,,,,,,,,,,
Williamstown Town Precinct 3,,,,,,,,,,,,,,,,,,
Wilmington Town Precinct 1,,,,,,,,,,,,,,,,,,
Wilmington Town Precinct 2,,,,,,,,,,,,,,,,,,
Wilmington Town Precinct 3,,,,,,,,,,,,,,,,,,
Wilmington Town Precinct 4,,,,,,,,,,,,,,,,,,
Wilmington Town Precinct 5,,,,,,,,,,,,,,,,,,
Wilmington Town Precinct 6,,,,,,,,,,,,,,,,,,
Winchendon Town Precinct 1,,,,,,,,,,,,,,,,,,
Winchendon Town Precinct 2,,,,,,,,,,,,,,,,,,
Winchendon Town Precinct 3,,,,,,,,,,,,,,,,,,
Winchester Town Precinct 1,,,,,,,,,,,,,,,,,,
Winchester Town Precinct 2,,,,,,,,,,,,,,,,,,
Winchester Town Precinct 3,,,,,,,,,,,,,,,,,,
Winchester Town Precinct 4,,,,,,,,,,,,,,,,,,
Winchester Town Precinct 5,,,,,,,,,,,,,,,,,,
Winchester Town Precinct 6,,,,,,,,,,,,,,,,,,
Winchester Town Precinct 7,,,,,,,,,,,,,,,,,,
Winchester Town Precinct 8,,,,,,,,,,,,,,,,,,
Windsor Town Precinct 1,,,,,,,,,,,,,,,,,,
Winthrop Town Precinct 1,,,,,,,,,,,,,,,,,,
Winthrop Town Precinct 2,,,,,,,,,,,,,,,,,,
Winthrop Town Precinct 3,,,,,,,,,,,,,,,,,,
Winthrop Town Precinct 4,,,,,,,,,,,,,,,,,,
Winthrop Town Precinct 5,,,,,,,,,,,,,,,,,,
Winthrop Town Precinct 6,,,,,,,,,,,,,,,,,,
Woburn City Ward 1 Precinct 1,,,,,,,,,,,,,,,,,,
Woburn City Ward 1 Precinct 2,,,,,,,,,,,,,,,,,,
Woburn City Ward 2 Precinct 1,,,,,,,,,,,,,,,,,,
Woburn City Ward 2 Precinct 2,,,,,,,,,,,,,,,,,,
Woburn City Ward 3 Precinct 1,,,,,,,,,,,,,,,,,,
Woburn City Ward 3 Precinct 2,,,,,,,,,,,,,,,,,,
Woburn City Ward 4 Precinct 1,,,,,,,,,,,,,,,,,,
Woburn City Ward 4 Precinct 2,,,,,,,,,,,,,,,,,,
Woburn City Ward 5 Precinct 1,,,,,,,,,,,,,,,,,,
Woburn City Ward 5 Precinct 2,,,,,,,,,,,,,,,,,,
Woburn City Ward 6 Precinct 1,,,,,,,,,,,,,,,,,,
Woburn City Ward 6 Precinct 2,,,,,,,,,,,,,,,,,,
Woburn City Ward 7 Precinct 1,,,,,,,,,,,,,,,,,,
Woburn City Ward 7 Precinct 2,,,,,,,,,,,,,,,,,,
Worcester City Ward 1 Precinct 1,,,,,,,,,,,,,,,,,,
Worcester City Ward 1 Precinct 2,,,,,,,,,,,,,,,,,,
Worcester City Ward 1 Precinct 3,,,,,,,,,,,,,,,,,,
Worcester City Ward 1 Precinct 4,,,,,,,,,,,,,,,,,,
Worcester City Ward 1 Precinct 5,,,,,,,,,,,,,,,,,,
Worcester City Ward 10 Precinct 1,,,,,,,,,,,,,,,,,,
Worcester City Ward 10 Precinct 2,,,,,,,,,,,,,,,,,,
Worcester City Ward 10 Precinct 3,,,,,,,,,,,,,,,,,,
Worcester City Ward 10 Precinct 4,,,,,,,,,,,,,,,,,,
Worcester City Ward 10 Precinct 5,,,,,,,,,,,,,,,,,,
Worcester City Ward 2 Precinct 1,,,,,,,,,,,,,,,,,,
Worcester City Ward 2 Precinct 2,,,,,,,,,,,,,,,,,,
Worcester City Ward 2 Precinct 3,,,,,,,,,,,,,,,,,,
Worcester City Ward 2 Precinct 4,,,,,,,,,,,,,,,,,,
Worcester City Ward 2 Precinct 5,,,,,,,,,,,,,,,,,,
Worcester City Ward 3 Precinct 1,,,,,,,,,,,,,,,,,,
Worcester City Ward 3 Precinct 2,,,,,,,,,,,,,,,,,,
Worcester City Ward 3 Precinct 3,,,,,,,,,,,,,,,,,,
Worcester City Ward 3 Precinct 4,,,,,,,,,,,,,,,,,,
Worcester City Ward 3 Precinct 5,,,,,,,,,,,,,,,,,,
Worcester City Ward 4 Precinct 1,,,,,,,,,,,,,,,,,,
Worcester City Ward 4 Precinct 2,,,,,,,,,,,,,,,,,,
Worcester City Ward 4 Precinct 3,,,,,,,,,,,,,,,,,,
Worcester City Ward 4 Precinct 4,,,,,,,,,,,,,,,,,,
Worcester City Ward 4 Precinct 5,,,,,,,,,,,,,,,,,,
Worcester City Ward 5 Precinct 1,,,,,,,,,,,,,,,,,,
Worcester City Ward 5 Precinct 2,,,,,,,,,,,,,,,,,,
Worcester City Ward 5 Precinct 3,,,,,,,,,,,,,,,,,,
Worcester City Ward 5 Precinct 4,,,,,,,,,,,,,,,,,,
Worcester City Ward 5 Precinct 5,,,,,,,,,,,,,,,,,,
Worcester City Ward 6 Precinct 1,,,,,,,,,,,,,,,,,,
Worcester City Ward 6 Precinct 2,,,,,,,,,,,,,,,,,,
Worcester City Ward 6 Precinct 3,,,,,,,,,,,,,,,,,,
Worcester City Ward 6 Precinct 4,,,,,,,,,,,,,,,,,,
Worcester City Ward 6 Precinct 5,,,,,,,,,,,,,,,,,,
Worcester City Ward 7 Precinct 1,,,,,,,,,,,,,,,,,,
Worcester City Ward 7 Precinct 2,,,,,,,,,,,,,,,,,,
Worcester City Ward 7 Precinct 3,,,,,,,,,,,,,,,,,,
Worcester City Ward 7 Precinct 4,,,,,,,,,,,,,,,,,,
Worcester City Ward 7 Precinct 5,,,,,,,,,,,,,,,,,,
Worcester City Ward 8 Precinct 1,,,,,,,,,,,,,,,,,,
Worcester City Ward 8 Precinct 2,,,,,,,,,,,,,,,,,,
Worcester City Ward 8 Precinct 3,,,,,,,,,,,,,,,,,,
Worcester City Ward 8 Precinct 4,,,,,,,,,,,,,,,,,,
Worcester City Ward 8 Precinct 5,,,,,,,,,,,,,,,,,,
Worcester City Ward 9 Precinct 1,,,,,,,,,,,,,,,,,,
Worcester City Ward 9 Precinct 2,,,,,,,,,,,,,,,,,,
Worcester City Ward 9 Precinct 3,,,,,,,,,,,,,,,,,,
Worcester City Ward 9 Precinct 4,,,,,,,,,,,,,,,,,,
Worcester City Ward 9 Precinct 5,,,,,,,,,,,,,,,,,,
Worthington Town Precinct 1,,,,,,,,,,,,,,,,,,
Wrentham Town Precinct 1,,,,,,,,,,,,,,,,,,
Wrentham Town Precinct 2,,,,,,,,,,,,,,,,,,
Wrentham Town Precinct 3,,,,,,,,,,,,,,,,,,
Yarmouth Town Precinct 1,,,,,,,,,,,,,,,,,,
Yarmouth Town Precinct 2,,,,,,,,,,,,,,,,,,
Yarmouth Town Precinct 3,,,,,,,,,,,,,,,,,,
Yarmouth Town Precinct 4,,,,,,,,,,,,,,,,,,
Yarmouth Town Precinct 5,,,,,,,,,,,,,,,,,,
Yarmouth Town Precinct 6,,,,,,,,,,,,,,,,,,
Yarmouth Town Precinct 7,,,,,,,,,,,,,,,,,,
